timestamp,equity,cash,position_qty,price
2026-01-28T00:00:05+00:00,1000.0,988.798278,0.0002240423,49998.24
2026-01-28T00:00:06+00:00,1000.002686,977.595131,0.0004480594,50010.23
2026-01-28T00:00:06+00:00,999.976089,988.786239,0.0002240171,49950.87
2026-01-28T00:00:06+00:00,999.978957,999.978957,0.0,49963.67
2026-01-28T00:00:24+00:00,999.978957,988.777874,0.0002240586,49991.75
2026-01-28T00:00:24+00:00,999.981047,999.981047,0.0,50001.08
2026-01-28T00:00:29+00:00,999.981047,988.770926,0.0002240539,50033.15
2026-01-28T00:00:29+00:00,999.962641,999.962641,0.0,49951.0
2026-01-28T00:00:51+00:00,999.962641,988.768187,0.0002240994,49953.08
2026-01-28T00:00:51+00:00,999.977708,999.977708,0.0,50020.31
2026-01-28T00:02:29+00:00,999.977708,988.757326,0.0002241873,50049.13
2026-01-28T00:02:32+00:00,999.967119,977.544752,0.0004484303,50001.9
2026-01-28T00:02:33+00:00,999.973061,988.760297,0.0002241873,50015.15
2026-01-28T00:04:39+00:00,999.968869,977.54529,0.0004485034,49996.45
2026-01-28T00:04:39+00:00,999.99228,988.772006,0.0002241873,50048.65
2026-01-28T00:04:42+00:00,999.97511,977.564727,0.0004484583,49972.06
2026-01-28T00:06:10+00:00,999.991869,966.349172,0.0006727271,50009.43
2026-01-28T00:06:10+00:00,999.998401,977.566904,0.0004484583,50019.14
2026-01-28T00:06:23+00:00,999.994867,966.352861,0.0006726886,50011.26
2026-01-28T00:06:23+00:00,999.991154,977.565667,0.0004484583,50005.74
2026-01-28T00:06:39+00:00,1000.001464,966.348396,0.0006726748,50028.73
2026-01-28T00:06:39+00:00,1000.002863,977.566133,0.0004484583,50030.81
2026-01-28T00:06:44+00:00,999.978794,966.361813,0.0006726472,49977.14
2026-01-28T00:06:44+00:00,1000.013873,977.577825,0.0004484583,50029.29
2026-01-28T00:06:54+00:00,1000.022995,966.359621,0.0006725999,50049.63
2026-01-28T00:06:54+00:00,1000.013128,977.574536,0.0004484583,50034.96
2026-01-28T00:06:55+00:00,999.980193,966.377048,0.0006725805,49961.52
2026-01-28T00:06:55+00:00,999.982903,977.57544,0.0004484583,49965.55
2026-01-28T00:06:59+00:00,1000.004914,966.366745,0.0006725666,50014.63
2026-01-28T00:07:02+00:00,999.971312,955.170357,0.0008966527,49964.67
2026-01-28T00:07:02+00:00,1000.045143,966.385196,0.0006725666,50047.01
2026-01-28T00:07:20+00:00,999.984228,955.191473,0.0008966363,49956.44
2026-01-28T00:07:20+00:00,999.997767,966.38858,0.0006725666,49971.54
2026-01-28T00:08:06+00:00,999.991882,955.194101,0.0008966229,49962.79
2026-01-28T00:08:06+00:00,1000.001925,966.391089,0.0006725666,49973.99
2026-01-28T00:08:08+00:00,1000.028955,955.185864,0.0008966075,50014.18
2026-01-28T00:08:08+00:00,1000.033833,966.392308,0.0006725666,50019.62
2026-01-28T00:08:23+00:00,999.992712,955.201026,0.0008965782,49958.48
2026-01-28T00:08:23+00:00,999.994227,966.392686,0.0006725666,49960.17
2026-01-28T00:08:56+00:00,1000.005338,955.197032,0.0008965841,49976.69
2026-01-28T00:08:57+00:00,1000.050875,966.404064,0.0006725666,50027.48
2026-01-28T00:09:03+00:00,1000.062538,955.193125,0.0008965846,50044.82
2026-01-28T00:09:03+00:00,999.998235,966.387998,0.0006725666,49973.1
2026-01-28T00:11:31+00:00,1000.025285,955.176862,0.0008967296,50013.32
2026-01-28T00:11:31+00:00,1000.046753,966.393364,0.0006725666,50037.26
2026-01-28T00:11:36+00:00,1000.015882,955.188531,0.000896702,49991.36
2026-01-28T00:11:36+00:00,1000.023728,966.395325,0.0006725666,50000.11
2026-01-28T00:11:42+00:00,1000.032815,955.186586,0.0008966803,50013.62
2026-01-28T00:11:42+00:00,999.99094,966.384859,0.0006725666,49966.92
2026-01-28T00:12:11+00:00,1000.035356,955.170637,0.0008967033,50032.96
2026-01-28T00:12:11+00:00,1000.033365,966.384362,0.0006725666,50030.74
2026-01-28T00:12:14+00:00,1000.013087,955.177285,0.0008967055,50000.59
2026-01-28T00:12:15+00:00,999.98181,966.376544,0.0006725666,49965.71
2026-01-28T00:14:30+00:00,1000.036699,955.160439,0.0008966766,50047.32
2026-01-28T00:14:30+00:00,999.975151,966.361161,0.0006725666,49978.68
2026-01-28T00:14:31+00:00,1000.011294,955.149414,0.0008966562,50032.42
2026-01-28T00:14:31+00:00,999.997333,966.357672,0.0006725666,50016.85
2026-01-28T00:16:39+00:00,1000.014854,955.138698,0.0008967537,50042.9
2026-01-28T00:16:39+00:00,999.949337,966.341293,0.0006725666,49969.84
2026-01-28T00:17:04+00:00,999.962661,955.131355,0.0008968117,49989.65
2026-01-28T00:17:04+00:00,999.960526,966.340759,0.0006725666,49987.27
2026-01-28T00:17:08+00:00,999.966794,955.13106,0.0008967758,49996.59
2026-01-28T00:17:08+00:00,999.925283,966.33038,0.0006725666,49950.3
2026-01-28T00:17:15+00:00,999.958729,955.122587,0.0008967223,50000.03
2026-01-28T00:17:16+00:00,999.982259,966.336262,0.0006725666,50026.27
2026-01-28T00:17:38+00:00,999.960145,955.130979,0.0008967019,49993.39
2026-01-28T00:17:38+00:00,999.972296,966.339299,0.0006725666,50006.94
2026-01-28T00:19:02+00:00,999.977965,955.126805,0.0008967475,50015.37
2026-01-28T00:19:02+00:00,999.954453,966.333421,0.0006725666,49989.15
2026-01-28T00:19:12+00:00,999.99289,955.115705,0.0008967134,50046.3
2026-01-28T00:19:12+00:00,999.943212,966.321003,0.0006725666,49990.9
2026-01-28T00:20:02+00:00,999.951713,955.11342,0.0008967024,50003.54
2026-01-28T00:20:02+00:00,999.983779,966.329019,0.0006725666,50039.3
2026-01-28T00:20:08+00:00,999.939645,955.128979,0.0008966853,49973.68
2026-01-28T00:20:08+00:00,999.999616,966.344008,0.0006725666,50040.56
2026-01-28T00:20:38+00:00,1000.000544,955.130197,0.0008966548,50041.94
2026-01-28T00:20:39+00:00,999.92128,966.324198,0.0006725666,49953.54
2026-01-28T00:20:42+00:00,999.957349,955.121287,0.0008965927,50007.17
2026-01-28T00:20:43+00:00,999.947747,966.321799,0.0006725666,49996.46
2026-01-28T00:20:53+00:00,999.946187,955.118555,0.0008966577,49994.14
2026-01-28T00:21:03+00:00,999.960793,943.910938,0.0011207633,50010.43
2026-01-28T00:21:03+00:00,999.960121,955.11842,0.0008966577,50009.83
2026-01-28T00:21:04+00:00,999.923465,943.921319,0.0011207389,49968.95
2026-01-28T00:21:04+00:00,999.969393,955.127603,0.0008966577,50009.93
2026-01-28T00:21:30+00:00,999.982287,943.917023,0.0011207604,50024.31
2026-01-28T00:21:30+00:00,999.933366,955.117821,0.0008966577,49980.66
2026-01-28T00:21:44+00:00,999.909309,943.92411,0.0011207389,49953.83
2026-01-28T00:21:44+00:00,999.93578,955.123114,0.0008966577,49977.45
2026-01-28T00:21:52+00:00,999.956565,943.920074,0.0011207157,50000.63
2026-01-28T00:23:00+00:00,999.947711,932.720665,0.0013447365,49992.73
2026-01-28T00:23:00+00:00,999.941082,943.918969,0.0011207157,49987.8
2026-01-28T00:23:01+00:00,999.924518,932.725059,0.0013447148,49973.02
2026-01-28T00:23:01+00:00,1000.000548,943.931634,0.0011207157,50029.56
2026-01-28T12:24:10+00:00,999.932027,932.803509,0.0013434189,49968.42
2026-01-28T12:24:10+00:00,1000.000085,943.942917,0.0011207157,50019.08
2026-01-28T12:24:15+00:00,999.932461,932.818598,0.0013433858,49958.74
2026-01-28T12:24:15+00:00,1000.007731,943.955393,0.0011207157,50014.77
2026-01-28T12:24:20+00:00,1000.031524,932.814612,0.001343371,50036.0
2026-01-28T12:24:20+00:00,999.988388,943.948243,0.0011207157,50003.89
2026-01-28T12:24:36+00:00,999.935109,932.826682,0.0013433413,49956.35
2026-01-28T12:24:36+00:00,999.9375,943.94864,0.0011207157,49958.13
2026-01-28T12:25:09+00:00,999.990656,932.815083,0.0013433621,50005.56
2026-01-28T12:25:10+00:00,999.970143,943.94524,0.0011207157,49990.29
2026-01-28T12:25:29+00:00,999.999147,932.80873,0.0013433739,50016.17
2026-01-28T12:25:29+00:00,999.961761,943.939043,0.0011207157,49988.34
2026-01-28T12:25:36+00:00,999.928083,932.81692,0.0013433439,49958.29
2026-01-28T12:25:36+00:00,999.954265,943.943382,0.0011207157,49977.78
2026-01-28T12:25:57+00:00,1000.012139,932.808793,0.0013432765,50029.42
2026-01-28T12:25:57+00:00,999.920379,943.928179,0.0011207157,49961.11
2026-01-28T12:26:03+00:00,999.927462,932.809154,0.0013432412,49967.43
2026-01-28T12:26:03+00:00,999.981689,943.937162,0.0011207157,50007.8
2026-01-28T12:26:46+00:00,999.918369,932.82238,0.0013432281,49951.3
2026-01-28T12:26:46+00:00,999.981003,943.947538,0.0011207157,49997.93
2026-01-28T12:27:17+00:00,999.936208,932.829547,0.0013432626,49957.96
2026-01-28T12:27:17+00:00,1000.026019,943.962418,0.0011207157,50024.82
2026-01-28T12:28:28+00:00,1000.050327,932.822589,0.0013433052,50046.51
2026-01-28T12:28:28+00:00,999.978998,943.950598,0.0011207157,49993.41
2026-01-28T12:28:40+00:00,1000.001905,932.818862,0.0013432888,50013.85
2026-01-28T12:28:40+00:00,999.999339,943.950173,0.0011207157,50011.94
2026-01-28T12:29:02+00:00,1000.014738,932.817351,0.0013432578,50025.68
2026-01-28T12:29:03+00:00,1000.032482,943.953113,0.0011207157,50038.89
2026-01-28T12:30:00+00:00,999.976335,932.829541,0.001343237,49988.79
2026-01-28T12:30:00+00:00,1000.041079,943.963838,0.0011207157,50036.99
2026-01-28T12:30:33+00:00,999.974542,932.845312,0.0013431858,49977.62
2026-01-28T12:30:33+00:00,999.979498,943.964659,0.0011207157,49981.31
2026-01-28T12:30:51+00:00,1000.008357,932.840726,0.001343163,50007.06
2026-01-28T12:30:51+00:00,1000.038282,943.969615,0.0011207157,50029.34
2026-01-28T12:31:18+00:00,1000.020194,932.845082,0.0013431477,50013.2
2026-01-28T12:31:18+00:00,1000.032591,943.971668,0.0011207157,50022.43
2026-01-28T12:31:39+00:00,999.975681,932.855699,0.0013431612,49971.65
2026-01-28T12:31:39+00:00,999.977078,943.9719,0.0011207157,49972.69
2026-01-28T12:32:00+00:00,999.993956,932.853876,0.0013431307,49987.75
2026-01-28T12:32:00+00:00,1000.007737,943.974182,0.0011207157,49998.01
2026-01-28T12:32:01+00:00,999.97054,932.862389,0.001343108,49964.82
2026-01-28T12:32:07+00:00,999.982077,921.751287,0.0015654483,49973.41
2026-01-28T12:32:08+00:00,1000.025753,932.868592,0.001343108,50001.31
2026-01-28T12:32:22+00:00,1000.018863,921.752168,0.0015654535,49996.18
2026-01-28T12:32:22+00:00,1000.019395,932.868668,0.001343108,49996.52
2026-01-28T12:33:30+00:00,1000.083368,921.729184,0.0015657012,50044.15
2026-01-28T12:33:30+00:00,999.992729,932.855782,0.001343108,49986.26
2026-01-28T12:33:33+00:00,1000.063068,921.719089,0.0015656699,50038.63
2026-01-28T12:33:33+00:00,999.942057,932.83858,0.001343108,49961.34
2026-01-28T12:34:17+00:00,1000.000603,921.705531,0.0015657471,50004.93
2026-01-28T12:34:17+00:00,999.986825,932.836621,0.001343108,49996.13
2026-01-28T12:34:31+00:00,999.950682,921.712902,0.0015657194,49969.22
2026-01-28T12:34:31+00:00,1000.03307,932.848335,0.001343108,50021.84
2026-01-28T12:34:33+00:00,1000.045305,921.711463,0.0015657077,50030.95
2026-01-28T12:34:54+00:00,999.934281,910.586983,0.0017883752,49960.04
2026-01-28T12:34:55+00:00,1000.040296,921.724663,0.0015657077,50019.32
2026-01-28T12:34:56+00:00,999.984666,910.593961,0.0017883939,49983.79
2026-01-28T12:34:56+00:00,1000.064876,899.455117,0.0020110432,50028.64
2026-01-28T12:34:56+00:00,999.935244,910.581452,0.001788357,49964.18
2026-01-28T12:34:56+00:00,1000.001467,921.714188,0.0015657077,50001.21
2026-01-28T12:34:56+00:00,1000.059195,910.574003,0.0017883418,50038.08
2026-01-28T12:34:57+00:00,1000.065168,921.714932,0.0015657077,50041.42
2026-01-28T12:34:57+00:00,1000.032898,910.579877,0.0017883161,50020.81
2026-01-28T12:34:58+00:00,1000.07884,921.720651,0.0015657077,50046.5
2026-01-28T12:35:02+00:00,999.935954,910.600222,0.0017883155,49955.24
2026-01-28T12:35:02+00:00,1000.102911,921.741433,0.0015657077,50048.6
2026-01-28T12:35:03+00:00,999.991213,910.61758,0.001788286,49977.26
2026-01-28T12:35:03+00:00,1000.068557,921.75106,0.0015657077,50020.51
2026-01-28T12:35:08+00:00,1000.10319,910.612467,0.0017882898,50042.63
2026-01-28T12:35:08+00:00,999.982963,921.736096,0.0015657077,49975.4
2026-01-28T12:35:46+00:00,999.960214,910.613816,0.0017883275,49960.87
2026-01-28T12:35:46+00:00,1000.017816,921.743266,0.0015657077,49993.08
2026-01-28T12:36:21+00:00,1000.072302,910.606781,0.0017883133,50027.88
2026-01-28T12:36:21+00:00,1000.062878,921.742093,0.0015657077,50022.61
2026-01-28T12:36:24+00:00,1000.080383,910.605604,0.001788287,50033.79
2026-01-28T12:36:24+00:00,1000.024999,921.7352,0.0015657077,50002.82
2026-01-28T12:36:27+00:00,999.959067,910.615399,0.0017882786,49960.71
2026-01-28T12:36:28+00:00,999.948481,921.733882,0.0015657077,49954.79
2026-01-28T12:36:33+00:00,1000.025827,910.605736,0.0017882519,50004.19
2026-01-28T12:36:33+00:00,1000.007157,921.731559,0.0015657077,49993.75
2026-01-28T12:36:39+00:00,999.989856,910.60985,0.0017882188,49982.7
2026-01-28T12:36:39+00:00,1000.00105,921.732952,0.0015657077,49988.96
2026-01-28T12:36:44+00:00,1000.026744,910.604652,0.0017882498,50005.37
2026-01-28T12:36:45+00:00,1000.094447,921.741377,0.0015657077,50043.23
2026-01-28T12:37:01+00:00,1000.034277,910.616713,0.0017881796,50004.8
2026-01-28T12:37:01+00:00,999.986729,899.498917,0.0020106325,49978.21
2026-01-28T12:37:01+00:00,999.986086,910.617595,0.0017881605,49977.89
2026-01-28T12:37:01+00:00,1000.070433,921.745813,0.0015657077,50025.06
2026-01-28T12:37:10+00:00,1000.068288,910.619045,0.0017881377,50023.69
2026-01-28T12:37:10+00:00,1000.044774,921.742888,0.0015657077,50010.54
2026-01-28T12:37:22+00:00,1000.032593,910.621784,0.0017881175,50002.76
2026-01-28T12:37:22+00:00,1000.036455,921.743368,0.0015657077,50004.92
2026-01-28T12:37:24+00:00,1000.085822,910.613095,0.001788151,50036.45
2026-01-28T12:37:24+00:00,999.996289,921.73223,0.0015657077,49986.38
2026-01-28T12:37:59+00:00,999.99762,910.613462,0.0017881399,49987.23
2026-01-28T12:37:59+00:00,1000.07755,921.742173,0.0015657077,50031.93
2026-01-28T12:38:03+00:00,1000.008001,910.626679,0.0017880731,49987.51
2026-01-28T12:38:03+00:00,1000.072586,921.750205,0.0015657077,50023.63
2026-01-28T12:38:11+00:00,1000.046737,910.627907,0.001788122,50007.12
2026-01-28T12:38:13+00:00,1000.013209,899.509732,0.0020105372,49988.37
2026-01-28T12:38:13+00:00,999.99431,910.625816,0.001788122,49978.97
2026-01-28T12:38:20+00:00,1000.041767,899.504377,0.0020105262,50005.51
2026-01-28T12:38:20+00:00,1000.019852,910.623392,0.001788122,49994.61
2026-01-28T12:38:35+00:00,1000.062588,899.499455,0.0020105184,50018.51
2026-01-28T12:38:35+00:00,1000.072098,910.624444,0.001788122,50023.24
2026-01-28T12:38:50+00:00,1000.011946,899.506379,0.0020105295,49989.6
2026-01-28T12:38:50+00:00,1000.066974,910.630531,0.001788122,50016.97
2026-01-28T12:39:07+00:00,1000.050774,899.508394,0.0020105295,50007.91
2026-01-28T12:39:07+00:00,1000.055539,910.631058,0.001788122,50010.28
2026-01-28T12:39:08+00:00,1000.110255,899.503278,0.0020104958,50040.88
2026-01-28T12:39:08+00:00,1000.026096,910.62175,0.001788122,49999.02
2026-01-28T12:39:13+00:00,1000.044048,899.501221,0.0020104922,50009.06
2026-01-28T12:39:13+00:00,999.99061,910.615839,0.001788122,49982.48
2026-01-28T12:39:25+00:00,1000.04597,899.494732,0.0020104843,50013.44
2026-01-28T12:39:25+00:00,999.992973,910.609978,0.001788122,49987.08
2026-01-28T12:39:26+00:00,1000.003702,899.494229,0.0020104677,49993.08
2026-01-28T12:39:26+00:00,1000.066851,910.616961,0.001788122,50024.49
2026-01-28T12:39:27+00:00,999.992322,899.504114,0.0020104554,49982.81
2026-01-28T12:39:27+00:00,999.962105,910.61362,0.001788122,49967.78
2026-01-28T12:39:31+00:00,1000.040425,899.496033,0.0020104222,50011.58
2026-01-28T12:39:31+00:00,1000.016963,910.611025,0.001788122,49999.91
2026-01-28T12:39:32+00:00,999.978644,899.501902,0.0020104001,49978.48
2026-01-28T12:39:32+00:00,1000.101137,910.624569,0.001788122,50039.41
2026-01-28T12:39:37+00:00,1000.098598,899.502218,0.0020104001,50037.99
2026-01-28T12:39:37+00:00,999.930147,888.398491,0.0022326782,49954.2
2026-01-28T12:39:37+00:00,1000.008313,899.51,0.0020104001,49989.21
2026-01-28T12:39:37+00:00,1000.008675,910.621548,0.001788122,49989.39
2026-01-28T12:39:40+00:00,1000.091787,899.499667,0.0020104001,50035.87
2026-01-28T12:39:40+00:00,1000.00355,910.611792,0.001788122,49991.98
2026-01-28T12:40:07+00:00,999.996934,899.499323,0.0020104235,49988.28
2026-01-28T12:40:07+00:00,999.947578,910.606335,0.001788122,49963.73
2026-01-28T12:40:22+00:00,999.941534,899.502378,0.0020103774,49960.35
2026-01-28T12:40:22+00:00,1000.078039,910.621426,0.001788122,50028.25
2026-01-28T12:40:42+00:00,999.958914,899.518116,0.0020103587,49961.63
2026-01-28T12:40:42+00:00,999.98338,910.624131,0.001788122,49973.8
2026-01-28T12:40:58+00:00,999.992983,899.517647,0.0020103442,49979.17
2026-01-28T12:40:59+00:00,1000.098164,910.635757,0.001788122,50031.49
2026-01-28T12:41:02+00:00,999.990108,899.5291,0.0020103838,49971.06
2026-01-28T12:41:02+00:00,1000.08747,910.646521,0.001788122,50019.49
2026-01-28T12:41:23+00:00,1000.076527,899.528359,0.0020104258,50013.37
2026-01-28T12:41:23+00:00,999.949227,910.632445,0.001788122,49950.05
2026-01-28T12:41:46+00:00,1000.072876,899.513338,0.0020104188,50019.2
2026-01-28T12:41:46+00:00,1000.067749,888.39681,0.0022326753,50016.65
2026-01-28T12:41:46+00:00,999.996638,899.50827,0.0020103785,49984.8
2026-01-28T12:41:47+00:00,1000.079365,910.626865,0.001788122,50025.95
2026-01-28T12:42:02+00:00,999.975332,899.521011,0.0020103823,49967.77
2026-01-28T12:42:02+00:00,1000.102911,910.64097,0.001788122,50031.23
2026-01-28T12:42:06+00:00,999.998324,899.529382,0.002010475,49972.74
2026-01-28T12:42:06+00:00,999.989357,910.639978,0.001788122,49968.28
2026-01-28T12:42:08+00:00,1000.111629,899.515826,0.002010442,50036.66
2026-01-28T12:42:08+00:00,999.941083,910.621119,0.001788122,49951.83
2026-01-28T12:42:15+00:00,1000.094969,899.496403,0.0020104478,50037.89
2026-01-28T12:42:15+00:00,999.942255,910.604231,0.001788122,49961.93
2026-01-28T12:42:20+00:00,999.993682,899.490337,0.0020104412,49990.69
2026-01-28T12:42:20+00:00,999.98938,910.603755,0.001788122,49988.55
2026-01-28T12:42:46+00:00,999.929603,899.498647,0.0020104237,49955.12
2026-01-28T12:42:46+00:00,1000.086496,888.37731,0.002232703,50033.16
2026-01-28T12:42:46+00:00,1000.06111,899.497239,0.0020104013,50021.79
2026-01-28T12:42:46+00:00,1000.11523,910.622032,0.001788122,50048.71
2026-01-28T12:42:52+00:00,999.99632,899.512009,0.0020104015,49982.21
2026-01-28T12:42:52+00:00,999.959992,910.618016,0.001788122,49964.14
2026-01-28T12:43:10+00:00,1000.033931,899.498537,0.0020104871,50005.49
2026-01-28T12:43:10+00:00,999.969274,910.610864,0.001788122,49973.33
2026-01-28T12:44:01+00:00,999.946422,899.492198,0.0020106709,49960.55
2026-01-28T12:44:01+00:00,999.958164,910.612164,0.001788122,49966.39
2026-01-28T12:44:25+00:00,999.958736,899.495424,0.0020106049,49966.71
2026-01-28T12:44:25+00:00,999.965753,910.612941,0.001788122,49970.2
2026-01-28T12:44:30+00:00,999.992271,899.492674,0.0020105939,49985.03
2026-01-28T12:44:30+00:00,1000.008034,910.614685,0.001788122,49992.87
2026-01-28T12:44:35+00:00,999.998253,899.494914,0.0020105734,49987.4
2026-01-28T12:44:35+00:00,1000.038203,910.619105,0.001788122,50007.27
2026-01-28T12:46:32+00:00,1000.08659,899.4981,0.0020103895,50034.33
2026-01-28T12:46:32+00:00,1000.028067,910.612635,0.001788122,50005.22
2026-01-28T12:46:33+00:00,1000.107102,899.488496,0.0020103851,50049.42
2026-01-28T12:46:34+00:00,1000.051274,910.606462,0.001788122,50021.65
2026-01-28T12:46:35+00:00,999.956289,899.502343,0.0020103442,49968.53
2026-01-28T12:46:35+00:00,1000.020982,910.613614,0.001788122,50000.71
2026-01-28T12:46:41+00:00,1000.024272,899.50349,0.0020103131,50002.55
2026-01-28T12:46:42+00:00,999.996891,910.610587,0.001788122,49988.93
2026-01-28T12:46:51+00:00,1000.016453,899.503718,0.0020102599,49999.87
2026-01-28T12:46:51+00:00,999.929309,910.600958,0.001788122,49956.52
2026-01-28T12:46:54+00:00,999.940145,899.50356,0.0020102361,49962.58
2026-01-28T12:46:54+00:00,999.946296,910.601637,0.001788122,49965.64
2026-01-28T12:47:45+00:00,1000.022488,899.492988,0.0020102583,50008.25
2026-01-28T12:47:45+00:00,999.994927,910.598592,0.001788122,49994.54
2026-01-28T12:47:47+00:00,1000.00537,899.492799,0.0020102361,50000.38
2026-01-28T12:47:47+00:00,1000.032709,910.601613,0.001788122,50013.98
2026-01-28T12:47:52+00:00,1000.08587,899.486193,0.0020102362,50043.71
2026-01-28T12:47:53+00:00,1000.088061,888.370531,0.0022323504,50044.8
2026-01-28T12:47:53+00:00,999.918849,899.469356,0.0020102362,49969.0
2026-01-28T12:47:53+00:00,1000.002394,910.577413,0.001788122,50010.56
2026-01-28T12:47:58+00:00,999.938219,899.477328,0.0020102362,49974.67
2026-01-28T12:47:58+00:00,999.949315,910.578639,0.001788122,49980.19
2026-01-28T12:47:59+00:00,1000.062181,899.463301,0.0020102363,50043.31
2026-01-28T12:47:59+00:00,1000.045275,910.576771,0.001788122,50034.9
2026-01-28T12:48:37+00:00,1000.055539,899.458391,0.002010309,50040.64
2026-01-28T12:48:37+00:00,999.884422,910.557859,0.001788122,49955.52
2026-01-28T12:50:28+00:00,999.999916,899.430247,0.0020105847,50020.11
2026-01-28T12:50:28+00:00,1000.026758,910.560829,0.001788122,50033.46
2026-01-28T12:50:55+00:00,999.946203,899.431556,0.002010759,49988.41
2026-01-28T12:50:56+00:00,999.894928,910.555151,0.001788122,49962.91
2026-01-28T12:50:59+00:00,1000.025676,899.413328,0.002010798,50036.03
2026-01-28T12:51:00+00:00,999.995212,910.551778,0.001788122,50020.88
2026-01-28T12:51:11+00:00,999.929713,899.420855,0.0020108106,49984.25
2026-01-28T12:51:11+00:00,999.864744,910.544583,0.001788122,49951.94
2026-01-28T12:51:21+00:00,1000.037119,899.401303,0.0020107723,50048.34
2026-01-28T12:51:21+00:00,999.93658,910.53345,0.001788122,49998.34
2026-01-28T12:51:25+00:00,1000.018047,899.390976,0.002010776,50043.9
2026-01-28T12:51:31+00:00,999.868104,888.261238,0.0022335074,49969.33
2026-01-28T12:51:31+00:00,999.858589,899.390027,0.002010776,49965.07
2026-01-28T12:51:33+00:00,1000.002822,888.248662,0.0022334394,50036.8
2026-01-28T12:51:34+00:00,999.942273,899.383991,0.002010776,50009.69
2026-01-28T12:51:35+00:00,999.897212,888.251585,0.0022334807,49987.28
2026-01-28T12:51:35+00:00,999.882627,899.382536,0.002010776,49980.75
2026-01-28T12:51:51+00:00,1000.003033,888.2402,0.0022334418,50040.63
2026-01-28T12:51:51+00:00,999.999906,899.382225,0.002010776,50039.23
2026-01-28T12:51:56+00:00,999.833896,888.257187,0.0022334697,49956.67
2026-01-28T12:51:57+00:00,999.963817,899.395179,0.002010776,50014.84
2026-01-28T12:51:59+00:00,999.914794,888.263172,0.0022334586,49990.46
2026-01-28T12:51:59+00:00,999.911042,899.394805,0.002010776,49988.78
2026-01-28T12:52:04+00:00,999.935996,888.25867,0.0022334934,50001.19
2026-01-28T12:52:04+00:00,999.867718,899.387996,0.002010776,49970.62
2026-01-28T12:52:09+00:00,999.868381,888.258602,0.0022334932,49970.95
2026-01-28T12:52:09+00:00,999.988074,899.399932,0.002010776,50024.54
2026-01-28T12:52:10+00:00,999.88641,888.270462,0.0022334813,49973.98
2026-01-28T12:52:10+00:00,1000.012646,899.412519,0.002010776,50030.5
2026-01-28T12:52:18+00:00,1000.0489,888.267861,0.002233453,50048.53
2026-01-28T12:52:18+00:00,1000.044389,899.412069,0.002010776,50046.51
2026-01-28T12:52:32+00:00,999.977872,888.276127,0.002233435,50013.43
2026-01-28T12:52:32+00:00,999.928469,877.145837,0.0024560795,49991.31
2026-01-28T12:52:33+00:00,999.977001,888.281253,0.0022334205,50011.07
2026-01-28T12:52:33+00:00,999.8461,899.402894,0.002010776,49952.46
2026-01-28T12:52:45+00:00,1000.011225,888.264603,0.0022333878,50034.58
2026-01-28T12:52:45+00:00,999.982905,899.400071,0.002010776,50021.9
2026-01-28T12:53:03+00:00,1000.033818,888.26258,0.0022333156,50047.22
2026-01-28T12:53:03+00:00,1000.019793,899.398674,0.002010776,50040.94
2026-01-28T12:53:07+00:00,999.980221,888.268075,0.0022332933,50021.26
2026-01-28T12:53:07+00:00,999.912642,899.39194,0.002010776,49991.0
2026-01-28T12:53:12+00:00,999.935926,888.267063,0.002233262,50002.58
2026-01-28T12:53:12+00:00,999.828596,899.381248,0.002010776,49954.52
2026-01-28T12:53:21+00:00,999.887733,888.262192,0.0022332286,49983.93
2026-01-28T12:53:21+00:00,999.987134,899.391149,0.002010776,50028.44
2026-01-28T12:53:29+00:00,999.980498,888.26435,0.0022332001,50025.14
2026-01-28T12:53:48+00:00,999.945147,877.142608,0.0024555935,50009.31
2026-01-28T12:53:48+00:00,999.931346,888.263101,0.0022332001,50003.69
2026-01-28T12:54:05+00:00,999.835051,877.153057,0.0024555763,49960.57
2026-01-28T12:54:06+00:00,999.925391,888.271282,0.0022332001,49997.36
2026-01-28T12:54:06+00:00,1000.039485,877.142411,0.002455562,50048.45
2026-01-28T12:54:27+00:00,999.955898,866.020034,0.0026779455,50014.41
2026-01-28T12:54:28+00:00,999.953247,877.142191,0.002455562,50013.42
2026-01-28T12:54:34+00:00,999.987085,866.01836,0.0026779177,50027.2
2026-01-28T12:54:35+00:00,999.912853,877.136028,0.002455562,49999.48
2026-01-28T12:54:38+00:00,999.934093,866.02311,0.0026777843,50008.13
2026-01-28T12:54:38+00:00,1000.00393,854.905173,0.002899991,50034.21
2026-01-28T12:54:38+00:00,999.780051,866.006731,0.0026777687,49957.01
2026-01-28T12:54:38+00:00,999.881404,877.115924,0.002455562,49994.86
2026-01-28T12:55:30+00:00,999.898937,866.005557,0.0026777605,50002.0
2026-01-28T12:55:30+00:00,1000.024952,877.12638,0.002455562,50049.06
2026-01-28T12:55:30+00:00,999.84744,866.023068,0.0026777315,49976.77
2026-01-28T12:55:30+00:00,999.962823,877.135954,0.002455562,50019.86
2026-01-28T12:55:34+00:00,1000.03261,866.016415,0.0026777383,50048.28
2026-01-28T12:55:34+00:00,999.81641,877.118015,0.002455562,49967.54
2026-01-28T12:56:00+00:00,999.957924,866.001963,0.0026777712,50025.17
2026-01-28T12:56:15+00:00,999.759367,854.903913,0.0028999499,49951.02
2026-01-28T12:56:15+00:00,999.889662,866.011945,0.0026777712,49995.95
2026-01-28T12:56:20+00:00,999.863527,854.906077,0.00289995,49986.19
2026-01-28T12:56:20+00:00,999.802164,866.007244,0.0026777712,49965.03
2026-01-28T12:56:30+00:00,999.88014,854.899606,0.00289995,49994.15
2026-01-28T12:56:30+00:00,999.794853,843.799107,0.0031221166,49964.74
2026-01-28T12:56:31+00:00,999.780835,854.899213,0.0028999379,49960.25
2026-01-28T12:56:31+00:00,999.94993,866.011669,0.0026777712,50018.56
2026-01-28T12:56:50+00:00,1000.008332,854.8934,0.0028999572,50040.37
2026-01-28T12:56:50+00:00,999.989018,866.010189,0.0026777712,50033.71
2026-01-28T12:57:39+00:00,1000.008513,854.892886,0.0028999352,50040.99
2026-01-28T12:57:39+00:00,999.993549,866.009043,0.0026777712,50035.83
2026-01-28T12:57:41+00:00,999.993576,854.89402,0.0028999125,50035.84
2026-01-28T12:57:41+00:00,999.830079,865.996519,0.0026777712,49979.46
2026-01-28T12:57:42+00:00,999.884919,854.889449,0.0028999129,49999.94
2026-01-28T12:57:42+00:00,1000.02658,866.00737,0.0026777712,50048.79
2026-01-28T12:57:50+00:00,999.988315,854.892886,0.0028999076,50034.5
2026-01-28T12:57:50+00:00,1000.003539,866.008537,0.0026777712,50039.75
2026-01-28T12:57:54+00:00,999.840784,854.907498,0.0028998854,49978.97
2026-01-28T12:57:55+00:00,999.871639,866.0109,0.0026777712,49989.61
2026-01-28T12:57:56+00:00,999.95698,854.90042,0.0028998854,50021.48
2026-01-28T12:57:57+00:00,999.933259,843.791757,0.0031219996,50013.3
2026-01-28T12:57:57+00:00,999.891393,832.686073,0.0033441138,49999.89
2026-01-28T12:57:57+00:00,999.877749,843.790851,0.0031219996,49995.81
2026-01-28T12:57:57+00:00,999.980619,854.902948,0.0028998854,50028.76
2026-01-28T12:57:57+00:00,1000.000889,866.016597,0.0026777712,50035.75
2026-01-28T12:57:57+00:00,1000.002308,854.902825,0.0028998855,50036.28
2026-01-28T12:57:57+00:00,999.812307,843.803601,0.0031219999,49970.76
2026-01-28T12:57:58+00:00,999.877994,854.907498,0.0028998855,49991.8
2026-01-28T12:58:07+00:00,999.77154,843.809594,0.0031220431,49955.09
2026-01-28T12:58:07+00:00,999.968041,854.921481,0.0028998855,50018.03
2026-01-28T12:58:07+00:00,999.891948,843.816207,0.0031220275,49991.79
2026-01-28T12:58:07+00:00,1000.072651,854.934339,0.0028998855,50049.67
2026-01-28T12:58:24+00:00,999.896889,843.827553,0.0031220698,49989.06
2026-01-28T12:58:24+00:00,999.847061,854.930792,0.0028998855,49973.1
2026-01-28T12:58:26+00:00,999.827428,843.82917,0.0031220676,49966.33
2026-01-28T12:58:26+00:00,999.836607,832.728108,0.0033442254,49969.27
2026-01-28T12:58:26+00:00,999.968102,843.839119,0.0031220433,50008.59
2026-01-28T12:58:26+00:00,1000.023737,854.952876,0.0028998855,50026.41
2026-01-28T12:58:36+00:00,999.963477,843.839574,0.0031221265,50005.63
2026-01-28T12:58:37+00:00,999.843182,854.944313,0.0028998855,49967.1
2026-01-28T12:59:01+00:00,1000.062819,843.821779,0.0031221458,50042.84
2026-01-28T12:59:01+00:00,1000.035563,854.942373,0.0028998855,50034.11
2026-01-28T12:59:09+00:00,1000.013988,843.82447,0.003122125,50026.67
2026-01-28T12:59:09+00:00,1000.025134,854.943166,0.0028998855,50030.24
2026-01-28T12:59:40+00:00,1000.041083,843.823215,0.0031221257,50035.74
2026-01-28T12:59:40+00:00,1000.022569,854.941848,0.0028998855,50029.81
2026-01-28T12:59:55+00:00,999.855941,843.836882,0.0031221077,49972.35
2026-01-28T12:59:55+00:00,999.971678,854.950086,0.0028998855,50009.42
2026-01-28T13:00:20+00:00,1000.067403,843.831394,0.0031220708,50042.43
2026-01-28T13:00:20+00:00,999.847172,854.934413,0.0028998855,49971.89
2026-01-28T13:00:33+00:00,999.943362,843.822445,0.0031221024,50005.06
2026-01-28T13:00:34+00:00,999.866246,854.928924,0.0028998855,49980.36
2026-01-28T13:00:59+00:00,999.935408,843.81557,0.0031221339,50004.21
2026-01-28T13:01:00+00:00,999.964444,832.701306,0.0033443591,50013.51
2026-01-28T13:01:00+00:00,999.851204,843.809202,0.0031221107,49979.65
2026-01-28T13:01:00+00:00,999.945273,854.922637,0.0028998855,50009.78
2026-01-28T13:01:30+00:00,999.80228,843.819946,0.003122115,49960.47
2026-01-28T13:01:30+00:00,1000.032473,854.939022,0.0028998855,50034.2
2026-01-28T13:01:45+00:00,999.79532,843.838726,0.0031221029,49952.42
2026-01-28T13:01:45+00:00,999.981741,854.952291,0.0028998855,50012.13
2026-01-28T13:01:57+00:00,999.989397,843.839359,0.0031220785,50014.77
2026-01-28T13:01:57+00:00,1000.045376,854.956274,0.0028998855,50032.7
2026-01-28T13:02:11+00:00,999.837164,843.856853,0.0031220477,49960.9
2026-01-28T13:02:11+00:00,999.821991,854.955195,0.0028998855,49956.04
2026-01-28T13:02:40+00:00,999.849946,843.856017,0.0031220215,49965.68
2026-01-28T13:02:40+00:00,999.899523,854.958722,0.0028998855,49981.56
2026-01-28T13:02:41+00:00,999.934844,843.855171,0.0031219843,49993.74
2026-01-28T13:02:41+00:00,999.822172,854.950707,0.0028998855,49957.65
2026-01-28T13:02:43+00:00,999.810572,843.859663,0.0031219122,49953.65
2026-01-28T13:02:43+00:00,1000.063697,854.968709,0.0028998855,50034.73
2026-01-28T13:02:47+00:00,999.898084,843.870637,0.0031219463,49977.62
2026-01-28T13:02:47+00:00,999.910354,854.969581,0.0028998855,49981.55
2026-01-28T13:03:06+00:00,999.954316,843.865631,0.0031219791,49996.71
2026-01-28T13:03:06+00:00,1000.059807,854.977086,0.0028998855,50030.5
2026-01-28T13:03:10+00:00,999.992965,843.870993,0.0031219743,50007.45
2026-01-28T13:03:11+00:00,1000.075073,854.982927,0.0028998855,50033.75
2026-01-28T13:03:14+00:00,1000.02969,843.873362,0.0031219964,50018.1
2026-01-28T13:03:14+00:00,999.943585,854.976801,0.0028998855,49990.52
2026-01-28T13:03:48+00:00,999.915021,843.875224,0.0031220029,49980.67
2026-01-28T13:03:48+00:00,1000.031691,854.985102,0.0028998855,50018.04
2026-01-28T13:03:48+00:00,999.951654,843.882833,0.0031219733,49990.44
2026-01-28T13:03:49+00:00,999.997484,854.988362,0.0028998855,50005.12
2026-01-28T13:04:05+00:00,999.890768,843.890674,0.00312198,49968.32
2026-01-28T13:04:05+00:00,999.894702,854.988642,0.0028998855,49969.58
2026-01-28T13:04:12+00:00,999.980017,843.884429,0.0031219742,49999.0
2026-01-28T13:04:13+00:00,1000.092439,854.996639,0.0028998855,50035.01
2026-01-28T13:04:13+00:00,999.95742,843.894769,0.0031219742,49988.45
2026-01-28T13:04:13+00:00,1000.06516,855.004303,0.0028998855,50022.96
2026-01-28T13:04:19+00:00,1000.085633,843.892087,0.0031219965,50030.02
2026-01-28T13:04:19+00:00,1000.095998,855.005041,0.0028998855,50033.34
2026-01-28T13:05:05+00:00,1000.125577,843.882079,0.0031221512,50043.54
2026-01-28T13:05:05+00:00,999.902874,854.989187,0.0028998855,49972.21
2026-01-28T13:05:06+00:00,999.930655,843.88142,0.0031221218,49981.79
2026-01-28T13:05:06+00:00,999.975644,854.992389,0.0028998855,49996.2
2026-01-28T13:05:08+00:00,999.970628,843.882286,0.0031221121,49994.47
2026-01-28T13:05:08+00:00,1000.084991,855.000529,0.0028998855,50031.1
2026-01-28T13:05:10+00:00,999.855668,843.900876,0.0031220918,49952.02
2026-01-28T13:05:11+00:00,1000.043118,855.01387,0.0028998855,50012.06
2026-01-28T13:05:23+00:00,999.903141,843.91353,0.0031220532,49963.79
2026-01-28T13:05:23+00:00,1000.042072,855.023757,0.0028998855,50008.29
2026-01-28T13:05:35+00:00,1000.074058,843.912111,0.0031220326,50019.32
2026-01-28T13:05:35+00:00,999.993072,855.017994,0.0028998855,49993.38
2026-01-28T13:05:42+00:00,999.91028,843.919284,0.003122016,49964.83
2026-01-28T13:05:43+00:00,999.959827,855.02152,0.0028998855,49980.7
2026-01-28T13:05:44+00:00,999.905512,843.925327,0.0031219783,49961.97
2026-01-28T13:05:44+00:00,1000.019839,855.029653,0.0028998855,49998.59
2026-01-28T13:06:10+00:00,1000.117391,843.914483,0.0031220457,50032.23
2026-01-28T13:06:10+00:00,999.996474,855.021048,0.0028998855,49993.5
2026-01-28T13:06:17+00:00,1000.110382,843.904878,0.0031220632,50032.78
2026-01-28T13:06:18+00:00,999.979505,855.011735,0.0028998855,49990.86
2026-01-28T13:07:01+00:00,1000.095007,843.897138,0.0031220411,50030.69
2026-01-28T13:07:01+00:00,1000.1227,855.013705,0.0028998855,50039.56
2026-01-28T13:07:12+00:00,999.992437,843.90907,0.003122002,49994.64
2026-01-28T13:07:12+00:00,999.901212,855.007215,0.0028998855,49965.42
2026-01-28T13:07:14+00:00,1000.133058,843.892459,0.0031219791,50045.37
2026-01-28T13:07:15+00:00,999.838374,854.986251,0.0028998855,49950.98
2026-01-28T13:07:19+00:00,1000.088344,843.875551,0.0031219344,50037.18
2026-01-28T13:07:19+00:00,999.833907,854.968154,0.0028998855,49955.68
2026-01-28T13:07:33+00:00,999.952831,843.864834,0.0031219666,49996.69
2026-01-28T13:07:33+00:00,999.875687,854.962667,0.0028998855,49971.98
2026-01-28T13:07:47+00:00,999.891434,843.863908,0.003121961,49977.41
2026-01-28T13:07:47+00:00,999.994958,854.970031,0.0028998855,50010.57
2026-01-28T13:08:33+00:00,1000.044778,843.860788,0.0031219471,50027.75
2026-01-28T13:08:33+00:00,999.998916,854.966769,0.0028998855,50013.06
2026-01-28T13:08:36+00:00,1000.028118,843.859622,0.0031219257,50023.13
2026-01-28T13:08:37+00:00,999.921036,854.959153,0.0028998855,49988.83
2026-01-28T13:09:06+00:00,999.883889,843.861315,0.0031219488,49976.02
2026-01-28T13:09:06+00:00,1000.047385,854.970782,0.0028998855,50028.39
2026-01-28T13:09:58+00:00,1000.097785,843.854916,0.0031219995,50045.77
2026-01-28T13:09:58+00:00,1000.053328,854.967619,0.0028998855,50031.53
2026-01-28T13:10:02+00:00,999.892761,843.865813,0.0031220276,49976.16
2026-01-28T13:10:02+00:00,999.973653,854.973375,0.0028998855,50002.07
2026-01-28T13:10:03+00:00,999.885786,843.87469,0.0031219846,49971.77
2026-01-28T13:10:03+00:00,999.906204,854.974828,0.0028998855,49978.31
2026-01-28T13:10:03+00:00,1000.028173,843.865348,0.0031219846,50020.37
2026-01-28T13:10:03+00:00,1000.102882,854.980142,0.0028998855,50044.3
2026-01-28T13:10:06+00:00,999.95435,843.877434,0.0031219704,49993.08
2026-01-28T13:10:06+00:00,999.875333,854.974521,0.0028998855,49967.77
2026-01-28T13:10:06+00:00,999.869475,843.87863,0.0031219555,49965.75
2026-01-28T13:10:07+00:00,1000.050049,832.770526,0.0033440128,50023.59
2026-01-28T13:10:07+00:00,999.956952,821.66946,0.003566053,49995.75
2026-01-28T13:10:07+00:00,999.987584,832.773921,0.003343983,50004.34
2026-01-28T13:10:07+00:00,999.884991,843.870938,0.0031219257,49973.66
2026-01-28T13:10:07+00:00,999.854271,832.78019,0.0033439013,49963.82
2026-01-28T13:10:07+00:00,1000.043168,843.886709,0.0031218611,50020.31
2026-01-28T13:10:08+00:00,1000.053283,854.990716,0.0028998855,50023.55
2026-01-28T13:10:13+00:00,999.840751,843.908033,0.0031217599,49950.26
2026-01-28T13:10:14+00:00,999.902343,832.822068,0.0033436123,49969.99
2026-01-28T13:10:14+00:00,999.923474,843.91053,0.003121738,49976.31
2026-01-28T13:10:14+00:00,999.885826,854.995222,0.0028998855,49964.25
2026-01-28T13:10:22+00:00,1000.058021,843.89297,0.0031218257,50023.63
2026-01-28T13:10:22+00:00,999.983566,854.989929,0.0028998855,49999.78
2026-01-28T13:10:29+00:00,999.95419,843.899602,0.003121738,49989.65
2026-01-28T13:10:29+00:00,999.904992,832.814505,0.0033435557,49973.89
2026-01-28T13:10:30+00:00,1000.044083,843.910564,0.0031217033,50015.49
2026-01-28T13:10:30+00:00,1000.015676,855.002871,0.0028998855,50006.39
2026-01-28T13:10:35+00:00,999.896114,843.923998,0.0031216174,49965.16
2026-01-28T13:10:35+00:00,1000.06568,855.014915,0.0028998855,50019.48
2026-01-28T13:10:35+00:00,999.980916,843.934425,0.0031215385,49990.25
2026-01-28T13:10:35+00:00,1000.04547,855.019499,0.0028998855,50010.93
2026-01-28T13:10:35+00:00,999.900997,843.946681,0.0031215143,49961.11
2026-01-28T13:10:36+00:00,1000.09784,832.860992,0.0033431209,50024.17
2026-01-28T13:10:36+00:00,1000.078818,843.946525,0.0031214921,50018.48
2026-01-28T13:10:36+00:00,999.99126,855.024737,0.0028998855,49990.43
2026-01-28T13:10:36+00:00,999.94028,843.950353,0.0031214935,49972.85
2026-01-28T13:10:36+00:00,999.994157,832.874292,0.0033430586,49990.11
2026-01-28T13:10:37+00:00,999.885574,843.943157,0.0031214935,49957.63
2026-01-28T13:10:45+00:00,999.894283,832.867582,0.0033431805,49960.42
2026-01-28T13:10:45+00:00,1000.030585,843.952195,0.0031214935,50001.19
2026-01-28T13:10:46+00:00,1000.00733,832.877455,0.003343016,49993.74
2026-01-28T13:10:46+00:00,999.862945,821.812566,0.0035645329,49950.55
2026-01-28T13:10:46+00:00,999.943147,832.882723,0.0033430104,49973.05
2026-01-28T13:10:46+00:00,1000.092579,843.962498,0.0031214935,50017.75
2026-01-28T13:11:05+00:00,999.88628,832.888808,0.0033431816,49951.66
2026-01-28T13:11:05+00:00,1000.003057,843.970241,0.0031214935,49986.59
2026-01-28T13:11:43+00:00,999.963383,832.882177,0.0033433707,49973.88
2026-01-28T13:11:44+00:00,999.979732,843.971326,0.0031214935,49978.77
2026-01-28T13:11:44+00:00,1000.040476,832.879337,0.0033433411,49998.23
2026-01-28T13:11:44+00:00,1000.131816,843.977387,0.0031214935,50025.55
2026-01-28T13:11:45+00:00,1000.176485,832.877388,0.0033433166,50039.86
2026-01-28T13:11:45+00:00,999.88682,843.958168,0.0031214935,49953.22
2026-01-28T13:11:50+00:00,999.984741,832.874259,0.00334324,49984.59
2026-01-28T13:11:50+00:00,999.874816,843.950877,0.0031214935,49951.71
2026-01-28T13:11:58+00:00,1000.106992,832.858805,0.0033432193,50026.09
2026-01-28T13:11:58+00:00,1000.038055,843.946305,0.0031214935,50005.47
2026-01-28T13:12:18+00:00,1000.133229,832.854351,0.0033431731,50035.96
2026-01-28T13:12:18+00:00,999.920002,843.932167,0.0031214935,49972.18
2026-01-28T13:12:20+00:00,999.911137,832.855417,0.0033431644,49969.34
2026-01-28T13:12:20+00:00,999.873493,843.929671,0.0031214935,49958.08
2026-01-28T13:12:25+00:00,999.938982,832.85096,0.0033431605,49979.06
2026-01-28T13:12:25+00:00,1000.073878,821.764457,0.0035648046,50019.41
2026-01-28T13:12:25+00:00,999.972032,810.686154,0.0037864112,49990.84
2026-01-28T13:12:25+00:00,999.897477,799.613414,0.0040079939,49971.15
2026-01-28T13:12:26+00:00,999.921686,788.540497,0.0042295533,49977.19
2026-01-28T13:12:26+00:00,999.992277,777.465045,0.0044510894,49993.88
2026-01-28T13:12:26+00:00,1000.149133,766.38295,0.0046726023,50029.12
2026-01-28T13:12:26+00:00,999.824387,755.317452,0.0048940912,49959.62
2026-01-28T13:12:26+00:00,999.934113,766.396823,0.0046724241,49982.04
2026-01-28T13:12:26+00:00,999.811275,777.469216,0.0044507801,49955.75
2026-01-28T13:12:26+00:00,999.842697,788.541307,0.0042291735,49962.81
2026-01-28T13:12:27+00:00,999.903682,799.615395,0.0040075908,49977.23
2026-01-28T13:12:27+00:00,999.915945,810.688999,0.0037860314,49980.29
2026-01-28T13:12:27+00:00,1000.099757,799.60481,0.0040075874,50028.84
2026-01-28T13:12:27+00:00,1000.125927,810.689453,0.0037860512,50035.37
2026-01-28T13:12:27+00:00,999.860297,821.757391,0.0035645383,49965.21
2026-01-28T13:12:27+00:00,999.970477,832.830974,0.0033430495,49996.12
2026-01-28T13:12:28+00:00,1000.112924,843.917354,0.0031214935,50038.73
2026-01-28T13:12:28+00:00,999.889863,832.847422,0.0033430372,49967.27
2026-01-28T13:12:28+00:00,1000.061795,843.928748,0.0031214935,50018.7
2026-01-28T13:12:30+00:00,1000.141955,832.842358,0.0033430247,50044.38
2026-01-28T13:12:30+00:00,999.924257,843.914322,0.0031214935,49979.26
2026-01-28T13:12:34+00:00,1000.005978,832.837928,0.0033429973,50005.44
2026-01-28T13:12:34+00:00,999.889842,843.906627,0.0031214935,49970.7
2026-01-28T13:12:39+00:00,999.929735,832.836086,0.0033429775,49983.48
2026-01-28T13:12:39+00:00,1000.114301,843.918855,0.0031214935,50038.69
2026-01-28T13:12:41+00:00,1000.080027,832.841097,0.0033429259,50027.71
2026-01-28T13:12:41+00:00,999.845654,843.90333,0.0031214935,49957.6
2026-01-28T13:12:41+00:00,999.869346,832.841359,0.0033428871,49965.19
2026-01-28T13:12:41+00:00,999.896424,821.77787,0.0035642751,49973.29
2026-01-28T13:12:41+00:00,999.851442,832.838841,0.0033428815,49960.67
2026-01-28T13:12:42+00:00,1000.021395,843.910791,0.0031214935,50011.51
2026-01-28T13:12:42+00:00,999.951005,832.844438,0.0033428695,49988.96
2026-01-28T13:12:42+00:00,999.948531,843.910627,0.0031214935,49988.22
2026-01-28T13:12:44+00:00,1000.088655,832.83579,0.0033428437,50033.11
2026-01-28T13:12:44+00:00,999.97326,843.902986,0.0031214935,49998.59
2026-01-28T13:12:45+00:00,999.835352,832.845415,0.0033428468,49954.41
2026-01-28T13:12:45+00:00,999.876971,843.905742,0.0031214935,49966.86
2026-01-28T13:12:46+00:00,999.835798,832.848558,0.0033428423,49953.67
2026-01-28T13:12:57+00:00,999.853917,821.785495,0.0035642847,49959.09
2026-01-28T13:12:57+00:00,1000.120703,832.865133,0.0033428423,50033.94
2026-01-28T13:12:58+00:00,1000.036163,821.79139,0.0035642788,50008.65
2026-01-28T13:12:59+00:00,999.852139,832.8537,0.0033428423,49957.02
2026-01-28T13:13:00+00:00,1000.114953,821.774909,0.0035642603,50035.64
2026-01-28T13:13:00+00:00,999.853337,832.837448,0.0033428423,49962.24
2026-01-28T13:13:05+00:00,999.978158,821.762063,0.0035643519,49999.58
2026-01-28T13:13:05+00:00,999.915176,832.833534,0.0033428423,49981.91
2026-01-28T13:13:30+00:00,1000.024554,821.744187,0.0035645643,50014.63
2026-01-28T13:13:31+00:00,999.983383,832.830973,0.0033428423,50003.08
2026-01-28T13:13:33+00:00,1000.106233,821.736503,0.0035645551,50039.83
2026-01-28T13:13:33+00:00,999.929288,832.819968,0.0033428423,49990.19
2026-01-28T13:13:35+00:00,999.929221,821.738927,0.0035645067,49990.17
2026-01-28T13:13:35+00:00,1000.066562,832.828508,0.0033428423,50028.7
2026-01-28T13:13:45+00:00,1000.078696,821.739424,0.0035644807,50032.33
2026-01-28T13:13:45+00:00,1000.001133,832.823685,0.0033428423,50010.57
2026-01-28T13:13:45+00:00,999.980508,821.743144,0.0035644336,50004.4
2026-01-28T13:13:55+00:00,1000.051155,810.656109,0.0037860669,50024.22
2026-01-28T13:13:55+00:00,1000.103971,821.746236,0.0035644336,50038.17
2026-01-28T13:13:59+00:00,999.900299,810.66921,0.0037860582,49981.03
2026-01-28T13:14:00+00:00,1000.07654,821.756552,0.0035644336,50027.58
2026-01-28T13:14:00+00:00,1000.04945,810.671792,0.0037860403,50019.98
2026-01-28T13:14:01+00:00,999.898084,821.747693,0.0035644336,49980.0
2026-01-28T13:14:13+00:00,999.876947,810.674873,0.0037860049,49974.07
2026-01-28T13:14:13+00:00,1000.094605,821.760431,0.0035644336,50031.56
2026-01-28T13:14:25+00:00,999.902874,810.687891,0.0037859829,49977.77
2026-01-28T13:14:26+00:00,1000.139952,821.774304,0.0035644336,50040.39
2026-01-28T13:14:29+00:00,1000.108122,810.690702,0.0037859663,50031.46
2026-01-28T13:14:29+00:00,1000.156431,821.777131,0.0035644336,50044.22
2026-01-28T13:14:48+00:00,999.906528,810.697838,0.0037861343,49974.11
2026-01-28T13:14:48+00:00,1000.145925,821.791149,0.0035644336,50037.34
2026-01-28T13:14:53+00:00,1000.030652,810.704444,0.0037861455,50005.0
2026-01-28T13:14:54+00:00,999.857435,821.781006,0.0035644336,49959.25
2026-01-28T13:15:16+00:00,999.85576,810.695723,0.0037863222,49958.78
2026-01-28T13:15:16+00:00,1000.144543,821.797929,0.0035644336,50035.05
2026-01-28T13:15:17+00:00,1000.119628,810.698857,0.0037862906,50028.06
2026-01-28T13:15:17+00:00,999.985328,821.79006,0.0035644336,49992.59
2026-01-28T13:15:41+00:00,999.837047,810.713474,0.0037861827,49950.99
2026-01-28T13:15:42+00:00,999.930528,821.795535,0.0035644336,49975.68
2026-01-28T13:15:44+00:00,999.988343,810.71051,0.00378617,49991.9
2026-01-28T13:15:44+00:00,1000.114499,821.802923,0.0035644336,50025.22
2026-01-28T13:16:22+00:00,1000.17071,810.706842,0.0037861734,50040.99
2026-01-28T13:16:23+00:00,999.880992,799.628851,0.0040078908,49964.47
2026-01-28T13:16:23+00:00,1000.041387,810.716839,0.003786151,50004.49
2026-01-28T13:16:24+00:00,999.918375,799.63687,0.0040078745,49972.0
2026-01-28T13:16:24+00:00,1000.172956,810.730923,0.003786151,50035.52
2026-01-28T13:16:25+00:00,1000.106282,799.642247,0.0040078451,50017.91
2026-01-28T13:16:25+00:00,1000.042236,810.72738,0.003786151,50001.93
2026-01-28T13:16:27+00:00,1000.111409,799.640526,0.0040077985,50020.2
2026-01-28T13:16:27+00:00,999.941238,810.717969,0.003786151,49977.74
2026-01-28T13:16:30+00:00,1000.194531,799.628566,0.0040077412,50044.64
2026-01-28T13:16:40+00:00,1000.009414,788.552808,0.0042292632,49998.45
2026-01-28T13:16:40+00:00,1000.085541,799.632553,0.0040077412,50016.45
2026-01-28T13:16:41+00:00,999.828885,788.567364,0.0042292558,49952.41
2026-01-28T13:16:41+00:00,999.885176,799.635502,0.0040077412,49965.72
2026-01-28T13:17:07+00:00,1000.043322,788.551171,0.0042294049,50005.18
2026-01-28T13:17:07+00:00,1000.117379,799.639383,0.0040077412,50022.69
2026-01-28T13:17:50+00:00,999.834192,788.557594,0.0042295898,49952.03
2026-01-28T13:17:50+00:00,999.841382,799.63976,0.0040077412,49953.73
2026-01-28T13:18:18+00:00,1000.213902,788.53007,0.0042297277,50046.68
2026-01-28T13:18:18+00:00,999.894261,799.622985,0.0040077412,49971.11
2026-01-28T13:18:36+00:00,999.837351,788.533791,0.0042297164,49956.91
2026-01-28T13:18:36+00:00,1000.116808,799.63765,0.0040077412,50022.98
2026-01-28T13:18:40+00:00,999.891052,788.546209,0.0042297181,49966.65
2026-01-28T13:18:40+00:00,1000.213738,799.654585,0.0040077412,50042.94
2026-01-28T13:19:01+00:00,999.851237,788.565291,0.004229738,49952.49
2026-01-28T13:19:01+00:00,999.966752,799.660648,0.0040077412,49979.8
2026-01-28T13:19:14+00:00,999.974647,788.56267,0.0042297817,49981.77
2026-01-28T13:19:14+00:00,999.914034,799.657466,0.0040077412,49967.44
2026-01-28T13:19:40+00:00,1000.116826,788.553258,0.0042297453,50018.04
2026-01-28T13:19:40+00:00,1000.077404,799.655397,0.0040077412,50008.72
2026-01-28T13:19:43+00:00,999.920261,788.566105,0.0042296624,49969.51
2026-01-28T13:19:43+00:00,1000.008238,799.660013,0.0040077412,49990.31
2026-01-28T13:19:46+00:00,1000.153519,788.559176,0.0042296401,50026.56
2026-01-28T13:19:46+00:00,1000.174794,799.661129,0.0040077412,50031.59
2026-01-28T13:20:06+00:00,999.919661,788.572515,0.0042296558,49967.93
2026-01-28T13:20:06+00:00,1000.118116,799.671541,0.0040077412,50014.85
2026-01-28T13:20:20+00:00,1000.071386,788.57588,0.0042296403,50003.19
2026-01-28T13:20:20+00:00,1000.202632,799.678427,0.0040077412,50034.22
2026-01-28T13:20:44+00:00,999.87051,788.591944,0.0042296868,49951.35
2026-01-28T13:20:44+00:00,1000.02096,799.686321,0.0040077412,49986.92
2026-01-28T13:21:18+00:00,1000.037392,788.586281,0.0042297819,49991.02
2026-01-28T13:21:19+00:00,999.954531,799.681972,0.0040077412,49971.43
2026-01-28T13:21:21+00:00,1000.038533,788.583033,0.0042297538,49992.39
2026-01-28T13:21:21+00:00,1000.075036,799.683888,0.0040077412,50001.02
2026-01-28T13:21:35+00:00,1000.183846,788.576618,0.0042297615,50028.17
2026-01-28T13:21:35+00:00,1000.013429,799.674942,0.0040077412,49987.88
2026-01-28T13:21:39+00:00,999.966618,788.580865,0.0042297284,49976.2
2026-01-28T13:21:39+00:00,1000.170195,799.685627,0.0040077412,50024.33
2026-01-28T13:21:43+00:00,1000.062146,788.587686,0.0042297117,49997.37
2026-01-28T13:21:43+00:00,1000.188742,799.69227,0.0040077412,50027.3
2026-01-28T13:23:13+00:00,1000.178562,788.591813,0.0042296405,50024.76
2026-01-28T13:23:13+00:00,1000.170653,799.691855,0.0040077412,50022.89
2026-01-28T13:23:39+00:00,1000.117069,788.589633,0.0042297434,50009.52
2026-01-28T13:23:39+00:00,1000.149342,799.693549,0.0040077412,50017.15
2026-01-28T13:23:40+00:00,1000.253062,788.585019,0.0042297208,50043.03
2026-01-28T13:23:40+00:00,1000.164196,799.688885,0.0040077412,50022.02
2026-01-28T13:23:42+00:00,1000.251284,788.582779,0.0042296691,50043.75
2026-01-28T13:23:42+00:00,999.990948,799.675226,0.0040077412,49982.2
2026-01-28T13:24:08+00:00,1000.17819,788.570849,0.0042297004,50028.92
2026-01-28T13:24:09+00:00,999.968439,799.664219,0.0040077412,49979.33
2026-01-28T13:24:14+00:00,1000.106145,788.565298,0.0042296589,50013.69
2026-01-28T13:24:14+00:00,1000.148991,799.666467,0.0040077412,50023.82
2026-01-28T13:24:57+00:00,1000.023629,788.569239,0.0042297189,49992.54
2026-01-28T13:24:57+00:00,1000.088894,799.669892,0.0040077412,50007.97
2026-01-28T13:25:11+00:00,1000.203675,788.562434,0.0042297278,50036.61
2026-01-28T13:25:11+00:00,1000.091334,799.663996,0.0040077412,50010.05
2026-01-28T13:25:11+00:00,1000.150328,788.56106,0.00422969,50024.77
2026-01-28T13:25:11+00:00,1000.255816,799.669531,0.0040077412,50049.71
2026-01-28T13:25:21+00:00,999.873077,788.581377,0.0042297076,49954.21
2026-01-28T13:25:21+00:00,999.924129,799.67221,0.0040077412,49966.28
2026-01-28T13:25:45+00:00,1000.206194,788.561848,0.0042297856,50036.66
2026-01-28T13:25:45+00:00,999.842856,799.653137,0.0040077412,49950.76
2026-01-28T13:26:06+00:00,999.950504,788.554568,0.004229812,49977.62
2026-01-28T13:26:06+00:00,1000.131624,799.662646,0.0040077412,50020.44
2026-01-28T13:26:09+00:00,999.918092,788.568976,0.0042297604,49967.16
2026-01-28T13:26:09+00:00,1000.12903,799.673718,0.0040077412,50017.03
2026-01-28T13:26:33+00:00,999.920066,788.580886,0.0042297537,49964.89
2026-01-28T13:26:33+00:00,1000.040149,799.680021,0.0040077412,49993.28
2026-01-28T13:26:35+00:00,1000.26342,788.56974,0.0042297293,50048.99
2026-01-28T13:26:35+00:00,1000.202343,799.676815,0.0040077412,50034.55
2026-01-28T13:26:51+00:00,1000.096579,788.578193,0.0042296774,50008.16
2026-01-28T13:26:51+00:00,1000.251596,799.684949,0.0040077412,50044.81
2026-01-28T13:26:52+00:00,1000.229153,788.580935,0.0042296475,50039.21
2026-01-28T13:26:52+00:00,999.892769,799.667301,0.0040077412,49959.68
2026-01-28T13:27:13+00:00,999.978815,788.573679,0.0042296973,49981.15
2026-01-28T13:27:13+00:00,999.937787,799.665148,0.0040077412,49971.45
2026-01-28T13:27:16+00:00,1000.230072,788.561797,0.0042296113,50044.38
2026-01-28T13:27:16+00:00,1000.01157,799.653686,0.0040077412,49992.72
2026-01-28T13:27:18+00:00,999.969449,788.564936,0.0042295951,49982.21
2026-01-28T13:27:18+00:00,999.962174,799.653305,0.0040077412,49980.49
2026-01-28T13:27:54+00:00,999.866709,788.571367,0.0042295722,49956.67
2026-01-28T13:27:55+00:00,1000.023457,799.661526,0.0040077412,49993.73
2026-01-28T13:28:10+00:00,999.935447,788.573997,0.0042296171,49971.77
2026-01-28T13:28:11+00:00,1000.208638,799.675857,0.0040077412,50036.36
2026-01-28T13:28:31+00:00,999.906254,788.589482,0.0042296422,49960.91
2026-01-28T13:28:31+00:00,1000.030606,799.682381,0.0040077412,49990.31
2026-01-28T13:29:43+00:00,1000.00716,788.589848,0.0042296608,49984.46
2026-01-28T13:29:43+00:00,999.890126,799.67624,0.0040077412,49956.79
2026-01-28T13:29:55+00:00,1000.263166,788.57137,0.0042296173,50049.87
2026-01-28T13:29:55+00:00,1000.148628,799.670232,0.0040077412,50022.79
2026-01-28T13:30:03+00:00,999.870812,788.585262,0.0042296471,49953.47
2026-01-28T13:30:03+00:00,1000.249154,799.690081,0.0040077412,50042.92
2026-01-28T13:30:07+00:00,1000.165031,788.591872,0.0042296081,50021.93
2026-01-28T13:30:07+00:00,1000.155557,799.689584,0.0040077412,50019.69
2026-01-28T13:30:08+00:00,1000.080852,788.597952,0.0042295692,50001.05
2026-01-28T13:30:08+00:00,1000.129112,799.692115,0.0040077412,50012.46
2026-01-28T13:30:43+00:00,999.90011,788.611473,0.0042295523,49955.32
2026-01-28T13:30:43+00:00,999.918339,777.530214,0.0044513565,49959.63
2026-01-28T13:30:43+00:00,1000.025617,766.444176,0.0046731495,49983.73
2026-01-28T13:30:44+00:00,1000.043001,777.531945,0.0044513384,49987.45
2026-01-28T13:30:44+00:00,1000.283818,788.631374,0.0042295341,50041.55
2026-01-28T13:30:44+00:00,999.982083,799.714414,0.0040077412,49970.21
2026-01-28T13:30:45+00:00,1000.095021,788.623425,0.0042295681,49998.39
2026-01-28T13:30:45+00:00,1000.21696,799.720809,0.0040077412,50027.22
2026-01-28T13:31:13+00:00,1000.199165,788.628135,0.0042294937,50022.78
2026-01-28T13:31:13+00:00,1000.171335,799.71935,0.0040077412,50016.2
2026-01-28T13:31:51+00:00,1000.1737,788.628583,0.0042294821,50016.79
2026-01-28T13:31:51+00:00,999.909484,799.705498,0.0040077412,49954.32
2026-01-28T13:31:57+00:00,1000.055005,788.621025,0.0042294722,49990.63
2026-01-28T13:31:57+00:00,1000.115571,799.708673,0.0040077412,50004.95
2026-01-28T13:32:02+00:00,1000.069923,788.624736,0.0042294485,49993.56
2026-01-28T13:32:02+00:00,999.908358,799.700204,0.0040077412,49955.36
2026-01-28T13:32:15+00:00,1000.138282,788.609429,0.0042295002,50012.73
2026-01-28T13:32:15+00:00,1000.05771,799.695979,0.0040077412,49993.68
2026-01-28T13:32:29+00:00,1000.230364,788.598801,0.0042295217,50036.76
2026-01-28T13:32:29+00:00,1000.236031,799.696276,0.0040077412,50038.1
2026-01-28T13:32:47+00:00,1000.072075,788.605101,0.0042295772,49997.19
2026-01-28T13:32:47+00:00,1000.244176,799.705303,0.0040077412,50037.88
2026-01-28T13:32:53+00:00,1000.08555,788.612267,0.0042296095,49998.3
2026-01-28T13:32:53+00:00,1000.058057,799.703861,0.0040077412,49991.8
2026-01-28T13:32:57+00:00,999.971891,788.616556,0.0042296191,49970.3
2026-01-28T13:32:57+00:00,1000.20803,799.716248,0.0040077412,50026.13
2026-01-28T13:33:23+00:00,1000.247386,788.610814,0.0042296903,50035.95
2026-01-28T13:33:23+00:00,1000.219217,799.71477,0.0040077412,50029.29
2026-01-28T13:33:24+00:00,1000.238574,788.611351,0.0042296581,50034.12
2026-01-28T13:33:24+00:00,1000.297874,799.717881,0.0040077412,50048.14
2026-01-28T13:33:30+00:00,1000.226376,788.616613,0.0042296321,50030.3
2026-01-28T13:33:30+00:00,999.991674,799.705568,0.0040077412,49974.81
2026-01-28T13:33:35+00:00,999.959371,788.617975,0.0042296406,49966.75
2026-01-28T13:33:35+00:00,1000.196696,799.718019,0.0040077412,50022.86
2026-01-28T13:33:36+00:00,1000.098667,788.624248,0.0042296237,49998.4
2026-01-28T13:33:36+00:00,1000.077138,799.71689,0.0040077412,49993.31
2026-01-28T13:33:46+00:00,1000.213882,788.618096,0.0042295954,50027.43
2026-01-28T13:33:46+00:00,1000.036239,799.707572,0.0040077412,49985.43
2026-01-28T13:33:50+00:00,1000.089141,788.617489,0.0042295489,49998.63
2026-01-28T13:33:51+00:00,1000.143026,799.710398,0.0040077412,50011.37
2026-01-28T13:34:02+00:00,1000.289829,788.608803,0.0042295602,50048.0
2026-01-28T13:34:02+00:00,999.888783,799.689365,0.0040077412,49953.18
2026-01-28T13:34:06+00:00,1000.135419,788.595778,0.0042295476,50014.72
2026-01-28T13:34:06+00:00,1000.097607,799.687382,0.0040077412,50005.78
2026-01-28T13:34:08+00:00,1000.100292,788.596226,0.0042295357,50006.45
2026-01-28T13:34:24+00:00,999.998952,777.509904,0.0044513398,49982.49
2026-01-28T13:34:24+00:00,999.917893,788.592187,0.0042295357,49964.28
2026-01-28T13:34:29+00:00,999.877713,777.513178,0.0044513165,49954.78
2026-01-28T13:34:30+00:00,1000.22269,788.609375,0.0042295357,50032.28
2026-01-28T13:34:31+00:00,1000.117248,777.519711,0.0044512964,50007.35
2026-01-28T13:34:32+00:00,1000.036679,788.605361,0.0042295357,49989.25
2026-01-28T13:34:32+00:00,999.949466,777.525124,0.0044512796,49968.63
2026-01-28T13:34:32+00:00,1000.098628,788.612792,0.0042295357,50002.14
2026-01-28T13:34:36+00:00,999.892608,777.536104,0.004451276,49953.43
2026-01-28T13:34:37+00:00,1000.011724,788.618726,0.0042295357,49980.19
2026-01-28T13:34:47+00:00,1000.123214,777.530814,0.0044512649,50006.55
2026-01-28T13:34:48+00:00,999.977836,788.611484,0.0042295357,49973.89
2026-01-28T13:34:48+00:00,1000.216001,777.520116,0.0044512292,50030.2
2026-01-28T13:34:48+00:00,1000.256997,788.613526,0.0042295357,50039.41
2026-01-28T13:34:52+00:00,1000.224937,777.522212,0.0044512209,50031.83
2026-01-28T13:34:52+00:00,1000.201301,788.612349,0.0042295357,50026.52
2026-01-28T13:34:57+00:00,999.989105,777.534414,0.0044511992,49976.35
2026-01-28T13:34:57+00:00,1000.019641,788.613869,0.0042295357,49983.21
2026-01-28T13:35:05+00:00,999.882223,777.540925,0.0044512131,49950.72
2026-01-28T13:35:05+00:00,1000.252519,788.632311,0.0042295357,50033.91
2026-01-28T13:35:06+00:00,1000.1088,777.549996,0.0044511823,49999.93
2026-01-28T13:35:06+00:00,1000.273227,788.640498,0.0042295357,50036.87
2026-01-28T13:35:12+00:00,1000.256351,777.552372,0.0044511525,50032.88
2026-01-28T13:35:13+00:00,1000.174761,788.636436,0.0042295357,50014.55
2026-01-28T13:35:23+00:00,999.947593,777.566093,0.0044511161,49960.84
2026-01-28T13:35:23+00:00,1000.234645,788.650726,0.0042295357,50025.33
2026-01-28T13:35:24+00:00,1000.325115,777.562147,0.0044511002,50046.72
2026-01-28T13:35:24+00:00,1000.283008,766.476396,0.0046726502,50037.26
2026-01-28T13:35:24+00:00,999.905037,777.544226,0.0044511002,49956.37
2026-01-28T13:35:30+00:00,1000.082947,766.465156,0.0046726979,49996.34
2026-01-28T13:35:30+00:00,1000.093134,777.544709,0.0044511002,49998.52
2026-01-28T13:35:42+00:00,1000.279813,766.45331,0.0046727489,50040.46
2026-01-28T13:35:43+00:00,1000.134958,777.537838,0.0044511002,50009.46
2026-01-28T13:35:45+00:00,999.960119,766.462928,0.0046727306,49970.18
2026-01-28T13:35:45+00:00,1000.103244,777.544626,0.0044511002,50000.81
2026-01-28T13:35:47+00:00,1000.236466,766.456859,0.0046727193,50030.74
2026-01-28T13:35:49+00:00,1000.212308,755.373422,0.0048942748,50025.57
2026-01-28T13:35:49+00:00,1000.198212,766.456221,0.0046727193,50022.69
2026-01-28T13:35:51+00:00,999.991631,755.383813,0.0048942629,49978.48
2026-01-28T13:35:51+00:00,999.884496,766.451371,0.0046727193,49956.59
2026-01-28T13:35:59+00:00,999.865478,755.383263,0.0048942919,49952.52
2026-01-28T13:35:59+00:00,1000.314333,766.471692,0.0046727193,50044.23
2026-01-28T13:36:01+00:00,1000.194805,755.390044,0.0048942697,50018.65
2026-01-28T13:36:01+00:00,1000.117769,744.312836,0.0051158009,50002.91
2026-01-28T13:36:01+00:00,1000.134447,733.235675,0.0053373168,50006.17
2026-01-28T13:36:02+00:00,1000.241727,744.319011,0.0051157665,50026.27
2026-01-28T13:36:02+00:00,1000.183356,755.398866,0.0048942352,50014.86
2026-01-28T13:36:03+00:00,1000.310753,744.315613,0.0051157192,50040.89
2026-01-28T13:36:03+00:00,999.901342,733.250665,0.0053371915,49960.86
2026-01-28T13:36:03+00:00,999.864355,744.314659,0.0051157075,49953.93
2026-01-28T13:36:03+00:00,1000.090879,733.242023,0.0053371682,49998.21
2026-01-28T13:36:03+00:00,999.962787,744.309927,0.0051156959,49974.21
2026-01-28T13:36:04+00:00,1000.105771,755.383438,0.0048942352,50002.16
2026-01-28T13:36:04+00:00,1000.297771,744.301564,0.0051156894,50041.39
2026-01-28T13:36:04+00:00,1000.255618,755.381613,0.0048942352,50033.15
2026-01-28T13:36:05+00:00,1000.009634,744.314025,0.0051156627,49982.89
2026-01-28T13:36:05+00:00,1000.275751,755.393131,0.0048942352,50034.91
2026-01-28T13:36:13+00:00,1000.110032,744.322336,0.0051156465,50001.05
2026-01-28T13:36:13+00:00,1000.100056,733.253077,0.0053370357,49999.1
2026-01-28T13:36:14+00:00,999.852151,722.19549,0.005558397,49952.65
2026-01-28T13:36:14+00:00,1000.219672,733.270209,0.0053369858,50018.77
2026-01-28T13:36:14+00:00,1000.149224,722.203918,0.0055582869,50005.57
2026-01-28T13:36:14+00:00,1000.010878,733.269099,0.0053368978,49980.68
2026-01-28T13:36:14+00:00,1000.032172,722.207791,0.0055581918,49984.67
2026-01-28T13:36:14+00:00,1000.343931,733.284883,0.0053368304,50040.76
2026-01-28T13:36:14+00:00,1000.382143,744.360546,0.0051155292,50047.92
2026-01-28T13:36:15+00:00,999.90113,755.415042,0.0048942352,49953.89
2026-01-28T13:36:16+00:00,1000.097536,744.348924,0.0051155841,49994.02
2026-01-28T13:36:16+00:00,1000.275916,755.42276,0.0048942352,50028.89
2026-01-28T13:36:17+00:00,999.979179,744.364718,0.0051155365,49968.26
2026-01-28T13:36:17+00:00,1000.309438,755.437047,0.0048942352,50032.82
2026-01-28T13:36:28+00:00,1000.137356,744.369264,0.0051156013,49997.66
2026-01-28T13:36:28+00:00,1000.043945,755.433005,0.0048942352,49979.4
2026-01-28T13:36:30+00:00,1000.034695,744.368594,0.005115623,49977.51
2026-01-28T13:36:31+00:00,1000.155884,755.43825,0.0048942352,50001.2
2026-01-28T13:36:32+00:00,1000.144481,744.370003,0.0051156052,49998.87
2026-01-28T13:36:32+00:00,1000.335753,755.446527,0.0048942352,50036.26
2026-01-28T13:36:33+00:00,1000.307563,744.372126,0.0051155882,50030.5
2026-01-28T13:36:33+00:00,999.964869,755.431698,0.0048942352,49963.51
2026-01-28T13:36:38+00:00,1000.0583,744.365694,0.0051156324,49982.6
2026-01-28T13:36:38+00:00,1000.398694,755.44643,0.0048942352,50049.14
2026-01-28T13:36:39+00:00,1000.400212,744.367278,0.0051155993,50049.45
2026-01-28T13:36:39+00:00,999.921801,755.425728,0.0048942352,49955.93
2026-01-28T13:36:42+00:00,1000.334972,744.352499,0.0051155212,50040.35
2026-01-28T13:36:42+00:00,1000.3672,755.427122,0.0048942352,50046.65
2026-01-28T13:36:47+00:00,1000.349679,744.350546,0.0051155761,50043.07
2026-01-28T13:36:48+00:00,1000.323078,755.425971,0.0048942352,50037.87
2026-01-28T13:36:53+00:00,999.916024,744.368681,0.0051155816,49954.7
2026-01-28T13:36:53+00:00,1000.144793,755.43587,0.0048942352,49999.42
2026-01-28T13:36:54+00:00,1000.057675,744.373637,0.0051155613,49981.62
2026-01-28T13:36:54+00:00,999.900883,755.429086,0.0048942352,49950.97
2026-01-28T13:37:04+00:00,1000.323501,744.347608,0.0051156995,50037.32
2026-01-28T13:37:04+00:00,1000.111046,755.419889,0.0048942352,49995.79
2026-01-28T13:37:06+00:00,999.962016,744.352526,0.005115736,49965.34
2026-01-28T13:37:06+00:00,999.904106,755.417381,0.0048942352,49954.02
2026-01-28T13:37:14+00:00,999.904938,744.352273,0.0051157403,49954.19
2026-01-28T13:37:21+00:00,999.980804,733.285102,0.005337221,49969.02
2026-01-28T13:37:21+00:00,999.981979,744.352322,0.0051157403,49969.24
2026-01-28T13:37:56+00:00,1000.310767,733.266005,0.0053373182,50033.51
2026-01-28T13:37:56+00:00,1000.061248,744.341963,0.0051157403,49986.76
2026-01-28T13:38:00+00:00,999.936014,733.272662,0.0053372935,49962.28
2026-01-28T13:38:00+00:00,1000.251929,744.355077,0.0051157403,50021.47
2026-01-28T13:38:08+00:00,999.915211,733.29043,0.0053372297,49955.65
2026-01-28T13:38:08+00:00,1000.003916,744.358758,0.0051157403,49972.27
2026-01-28T13:38:14+00:00,999.984834,733.290297,0.0053372489,49968.54
2026-01-28T13:38:14+00:00,1000.325297,744.372888,0.0051157403,50032.33
2026-01-28T13:38:15+00:00,999.963512,733.306599,0.0053372362,49961.61
2026-01-28T13:38:16+00:00,1000.269389,744.385582,0.0051157403,50018.92
2026-01-28T13:38:18+00:00,1000.274146,733.307229,0.0053372195,50019.85
2026-01-28T13:38:18+00:00,999.96747,744.372856,0.0051157403,49962.39
2026-01-28T13:38:18+00:00,1000.304597,733.295818,0.0053371558,50028.29
2026-01-28T13:38:18+00:00,1000.274175,744.371594,0.0051157403,50022.59
2026-01-28T13:38:19+00:00,1000.197183,733.301406,0.0053371107,50007.54
2026-01-28T13:38:19+00:00,1000.121076,722.23596,0.0055584494,49993.28
2026-01-28T13:38:19+00:00,1000.288663,733.309665,0.005337079,50023.43
2026-01-28T13:38:19+00:00,1000.175944,744.37711,0.0051157403,50002.31
2026-01-28T13:38:20+00:00,1000.393824,733.299425,0.0053370953,50044.9
2026-01-28T13:38:22+00:00,1000.042803,722.23529,0.0055584704,49979.13
2026-01-28T13:38:22+00:00,1000.124068,733.302661,0.0053370953,49993.75
2026-01-28T13:38:45+00:00,1000.395619,722.219236,0.0055585661,50044.63
2026-01-28T13:38:45+00:00,1000.004185,733.287065,0.0053370953,49974.21
2026-01-28T13:39:02+00:00,1000.076876,722.217761,0.0055585352,49987.83
2026-01-28T13:39:02+00:00,1000.065981,733.286631,0.0053370953,49985.87
2026-01-28T13:39:11+00:00,1000.119513,722.215093,0.0055585442,49995.9
2026-01-28T13:39:11+00:00,999.964151,733.280442,0.0053370953,49967.95
2026-01-28T13:39:11+00:00,1000.305565,722.201673,0.0055585293,50031.92
2026-01-28T13:39:11+00:00,999.916746,733.264952,0.0053370953,49961.97
2026-01-28T13:39:29+00:00,1000.360846,722.185574,0.0055584828,50045.18
2026-01-28T13:39:30+00:00,1000.332498,733.263823,0.0053370953,50040.08
2026-01-28T13:39:30+00:00,999.861285,722.207192,0.0055584413,49951.79
2026-01-28T13:39:30+00:00,1000.196571,733.277175,0.0053370953,50012.11
2026-01-28T13:39:44+00:00,1000.362501,722.194211,0.0055585632,50043.2
2026-01-28T13:39:45+00:00,1000.221925,733.271574,0.0053370953,50017.91
2026-01-28T13:39:46+00:00,1000.320341,722.191381,0.0055585381,50036.35
2026-01-28T13:39:46+00:00,999.961315,733.257271,0.0053370953,49971.76
2026-01-28T13:40:05+00:00,1000.258324,722.174171,0.0055586358,50027.41
2026-01-28T13:40:05+00:00,999.882338,733.242286,0.0053370953,49959.77
2026-01-28T13:40:14+00:00,999.949799,722.171236,0.0055586385,49972.41
2026-01-28T13:40:14+00:00,1000.184651,733.251646,0.0053370953,50014.66
2026-01-28T13:40:45+00:00,1000.028061,722.173848,0.0055587163,49985.32
2026-01-28T13:40:45+00:00,1000.299382,711.086511,0.0057803118,50034.13
2026-01-28T13:40:45+00:00,999.823662,722.156887,0.0055586907,49951.83
2026-01-28T13:40:45+00:00,999.831111,733.226284,0.0053370953,49953.17
2026-01-28T13:40:47+00:00,1000.264536,722.14358,0.005558597,50034.38
2026-01-28T13:40:47+00:00,999.923239,733.212683,0.0053370953,49972.98
2026-01-28T13:41:04+00:00,1000.297316,722.12664,0.0055586253,50043.07
2026-01-28T13:41:04+00:00,1000.164576,733.207393,0.0053370953,50019.19
2026-01-28T13:41:09+00:00,1000.064238,722.131158,0.0055586182,50000.39
2026-01-28T13:41:09+00:00,999.908597,711.060792,0.0057801479,49972.39
2026-01-28T13:41:09+00:00,1000.064777,722.13681,0.0055586249,49999.41
2026-01-28T13:41:09+00:00,1000.084121,711.061973,0.0057801089,50002.89
2026-01-28T13:41:10+00:00,999.86858,699.996179,0.0060015771,49965.6
2026-01-28T13:41:10+00:00,1000.09628,711.07116,0.0057800932,50003.54
2026-01-28T13:41:10+00:00,1000.190149,699.993644,0.0060015559,50019.78
2026-01-28T13:41:10+00:00,1000.249204,711.073616,0.0057800876,50029.62
2026-01-28T13:41:10+00:00,999.972916,722.142726,0.0055586249,49981.82
2026-01-28T13:41:11+00:00,1000.259185,711.063014,0.0057800716,50033.32
2026-01-28T13:41:11+00:00,1000.229418,722.141585,0.0055586249,50028.17
2026-01-28T13:41:17+00:00,1000.300846,711.055864,0.0057801576,50041.02
2026-01-28T13:41:18+00:00,1000.325932,699.970124,0.0060016715,50045.36
2026-01-28T13:41:18+00:00,1000.143901,711.050088,0.0057801388,50015.03
2026-01-28T13:41:18+00:00,1000.085522,722.126872,0.0055586249,50004.93
2026-01-28T13:41:25+00:00,1000.285021,711.041942,0.0057801427,50040.82
2026-01-28T13:41:26+00:00,1000.250571,722.125552,0.0055586249,50034.86
2026-01-28T13:41:26+00:00,1000.30121,711.040568,0.0057801298,50043.97
2026-01-28T13:41:26+00:00,999.976598,722.113112,0.0055586249,49987.81
2026-01-28T13:41:49+00:00,1000.291383,711.029517,0.0057801,50044.44
2026-01-28T13:41:49+00:00,999.893886,722.097881,0.0055586249,49975.67
2026-01-28T13:41:50+00:00,1000.085492,711.022589,0.0057800859,50010.14
2026-01-28T13:41:51+00:00,1000.242652,722.103903,0.0055586249,50037.33
2026-01-28T13:41:53+00:00,1000.032036,711.035495,0.0057799956,49999.44
2026-01-28T13:41:53+00:00,1000.253178,722.112372,0.0055586249,50037.7
2026-01-28T13:42:06+00:00,1000.200094,711.039598,0.0057799558,50028.15
2026-01-28T13:42:06+00:00,1000.180326,699.968262,0.006001273,50024.73
2026-01-28T13:42:06+00:00,1000.309473,711.045042,0.0057799422,50046.25
2026-01-28T13:42:06+00:00,999.818814,722.102354,0.0055586249,49961.36
2026-01-28T13:42:06+00:00,1000.086851,711.035442,0.0057799207,50009.58
2026-01-28T13:42:06+00:00,999.761962,722.089915,0.0055586249,49953.37
2026-01-28T13:42:13+00:00,1000.133889,711.019893,0.0057799356,50020.28
2026-01-28T13:42:13+00:00,999.95685,722.083136,0.0055586249,49989.65
2026-01-28T13:42:22+00:00,1000.223775,711.00944,0.0057799321,50037.67
2026-01-28T13:42:22+00:00,999.980787,722.073832,0.0055586249,49995.63
2026-01-28T13:42:24+00:00,1000.097462,711.005353,0.0057799209,50016.62
2026-01-28T13:42:24+00:00,1000.114744,722.074494,0.0055586249,50019.61
2026-01-28T13:42:25+00:00,1000.154655,711.004628,0.0057799037,50026.79
2026-01-28T13:42:25+00:00,1000.048421,722.070427,0.0055586249,50008.41
2026-01-28T13:42:52+00:00,1000.15648,710.994847,0.0057800132,50027.85
2026-01-28T13:42:53+00:00,999.76026,722.05525,0.0055586249,49959.3
2026-01-28T13:43:00+00:00,999.874546,710.991562,0.0057799879,49979.86
2026-01-28T13:43:00+00:00,1000.078001,722.063042,0.0055586249,50015.06
2026-01-28T13:43:08+00:00,1000.080781,710.992903,0.0057799588,50015.56
2026-01-28T13:43:08+00:00,999.805654,722.052507,0.0055586249,49967.96
2026-01-28T13:43:09+00:00,999.771969,710.996883,0.005779906,49961.9
2026-01-28T13:43:10+00:00,999.975769,722.060309,0.0055586249,49997.16
2026-01-28T13:43:26+00:00,999.998837,710.997068,0.0057798839,50001.31
2026-01-28T13:43:27+00:00,1000.086055,722.063648,0.0055586249,50016.4
2026-01-28T13:43:27+00:00,1000.249646,710.991562,0.0057798639,50045.83
2026-01-28T13:43:27+00:00,999.712234,722.043077,0.0055586249,49952.85
2026-01-28T13:43:28+00:00,1000.088942,710.977673,0.0057798418,50020.62
2026-01-28T13:43:28+00:00,999.685278,699.929101,0.006001031,49950.78
2026-01-28T13:43:28+00:00,999.877671,710.986148,0.0057798141,49982.84
2026-01-28T13:43:28+00:00,1000.033379,722.04777,0.0055586249,50009.78
2026-01-28T13:43:40+00:00,999.891078,710.988692,0.0057798765,49984.18
2026-01-28T13:43:40+00:00,999.926625,722.049131,0.0055586249,49990.33
2026-01-28T13:43:57+00:00,999.841967,710.993446,0.0057798488,49975.1
2026-01-28T13:43:57+00:00,1000.160436,699.926643,0.0060010512,50030.2
2026-01-28T13:43:58+00:00,999.84106,710.982743,0.0057798274,49976.98
2026-01-28T13:43:58+00:00,999.726851,722.033403,0.0055586249,49957.22
2026-01-28T13:44:02+00:00,1000.122792,710.968283,0.0057798015,50028.45
2026-01-28T13:44:03+00:00,999.825768,699.915691,0.0060009548,49977.06
2026-01-28T13:44:03+00:00,999.674784,710.96388,0.0057797782,49951.9
2026-01-28T13:44:03+00:00,999.948977,699.90746,0.0060009095,49999.34
2026-01-28T13:44:03+00:00,999.929114,688.852506,0.0062220262,49996.03
2026-01-28T13:44:03+00:00,1000.171586,677.78998,0.0064431219,50035.0
2026-01-28T13:44:03+00:00,999.946463,688.847659,0.0062219686,50000.06
2026-01-28T13:44:03+00:00,999.718241,677.801883,0.0064430461,49963.38
2026-01-28T13:44:04+00:00,999.988978,688.859642,0.0062219148,50005.4
2026-01-28T13:44:04+00:00,999.757087,699.908427,0.0060007981,49968.13
2026-01-28T13:44:04+00:00,999.695099,710.953885,0.0057797024,49957.8
2026-01-28T13:44:04+00:00,999.754052,722.000682,0.0055586249,49968.0
2026-01-28T13:44:05+00:00,999.867115,710.949718,0.0057796958,49988.34
2026-01-28T13:44:06+00:00,1000.061601,722.008121,0.0055586249,50021.99
2026-01-28T13:44:10+00:00,1000.019745,710.951939,0.0057796846,50014.46
2026-01-28T13:44:10+00:00,1000.182674,722.014353,0.0055586249,50042.65
2026-01-28T13:44:11+00:00,999.737095,710.968151,0.0057797148,49962.49
2026-01-28T13:44:11+00:00,999.773738,722.015755,0.0055586249,49968.83
2026-01-28T13:44:15+00:00,1000.210368,710.950503,0.0057797204,50047.38
2026-01-28T13:44:28+00:00,1000.194936,699.870623,0.0060011201,50044.71
2026-01-28T13:44:28+00:00,1000.05295,710.945265,0.0057797204,50021.05
2026-01-28T13:44:30+00:00,1000.123173,699.869473,0.0060010893,50033.2
2026-01-28T13:44:30+00:00,999.646027,710.927664,0.0057797204,49953.69
2026-01-28T13:44:31+00:00,999.991365,699.858323,0.0060010478,50013.44
2026-01-28T13:44:31+00:00,999.666528,710.915683,0.0057797204,49959.31
2026-01-28T13:44:32+00:00,999.97742,699.845189,0.0060010723,50013.1
2026-01-28T13:44:32+00:00,999.853738,688.779491,0.0062224195,49992.49
2026-01-28T13:44:32+00:00,999.93886,699.848451,0.0060010676,50006.17
2026-01-28T13:44:33+00:00,999.661311,710.90694,0.0057797204,49959.92
2026-01-28T13:44:34+00:00,999.630447,699.850628,0.0060010477,49954.58
2026-01-28T13:44:34+00:00,999.784794,710.912633,0.0057797204,49980.3
2026-01-28T13:44:36+00:00,1000.139091,699.838711,0.0060010147,50041.6
2026-01-28T13:44:36+00:00,999.908292,710.904122,0.0057797204,50003.14
2026-01-28T13:44:47+00:00,1000.129308,699.835098,0.0060009179,50041.38
2026-01-28T13:44:47+00:00,999.660817,710.886853,0.0057797204,49963.31
2026-01-28T13:44:55+00:00,999.704107,699.832997,0.0060009267,49970.8
2026-01-28T13:44:56+00:00,1000.162278,710.903742,0.0057797204,50047.15
2026-01-28T13:45:04+00:00,999.671637,699.852528,0.0060009117,49962.26
2026-01-28T13:45:05+00:00,1000.125306,710.920464,0.0057797204,50037.86
2026-01-28T13:45:07+00:00,999.62195,699.872254,0.0060009024,49950.77
2026-01-28T13:45:07+00:00,999.746709,710.925062,0.0057797204,49971.56
2026-01-28T13:45:15+00:00,999.934954,699.859561,0.0060010122,50004.13
2026-01-28T13:45:15+00:00,1000.02479,710.928375,0.0057797204,50019.1
2026-01-28T13:45:18+00:00,999.955202,699.863252,0.0060009917,50007.06
2026-01-28T13:45:19+00:00,1000.052658,710.931969,0.0057797204,50023.3
2026-01-28T13:45:24+00:00,999.635304,699.880324,0.0060009698,49951.09
2026-01-28T13:45:24+00:00,1000.177192,710.951947,0.0057797204,50041.39
2026-01-28T13:45:25+00:00,999.82434,699.894998,0.0060009464,49980.34
2026-01-28T13:45:25+00:00,1000.045655,710.960106,0.0057797204,50017.22
2026-01-28T13:45:29+00:00,999.691531,699.909005,0.0060009374,49955.95
2026-01-28T13:45:29+00:00,999.800628,710.964128,0.0057797204,49974.13
2026-01-28T13:45:33+00:00,999.839237,699.911441,0.0060008591,49980.81
2026-01-28T13:45:33+00:00,999.912327,710.966821,0.0057797204,49992.99
2026-01-28T13:45:40+00:00,1000.073813,699.908023,0.0060008039,50020.93
2026-01-28T13:45:40+00:00,1000.221673,710.972269,0.0057797204,50045.57
2026-01-28T13:45:41+00:00,1000.238723,699.906548,0.0060008203,50048.52
2026-01-28T13:45:41+00:00,999.828867,710.957168,0.0057797204,49980.22
2026-01-28T13:45:46+00:00,1000.151953,699.895012,0.0060008038,50036.12
2026-01-28T13:45:46+00:00,999.729557,710.941606,0.0057797204,49965.73
2026-01-28T13:45:59+00:00,999.980859,699.880455,0.0060009027,50009.21
2026-01-28T13:45:59+00:00,1000.077653,710.945173,0.0057797204,50025.34
2026-01-28T13:46:05+00:00,999.806064,699.8895,0.0060009297,49978.35
2026-01-28T13:46:05+00:00,1000.123633,710.95688,0.0057797204,50031.27
2026-01-28T13:46:07+00:00,1000.089244,699.894457,0.0060008569,50025.32
2026-01-28T13:46:07+00:00,1000.069321,710.956146,0.0057797204,50022.0
2026-01-28T13:46:42+00:00,999.925926,699.893591,0.006000984,49997.19
2026-01-28T13:46:42+00:00,999.691648,710.947507,0.0057797204,49958.15
2026-01-28T13:46:43+00:00,1000.098945,699.878903,0.0060009659,50028.62
2026-01-28T13:46:43+00:00,1000.055198,710.945895,0.0057797204,50021.33
2026-01-28T13:46:54+00:00,999.785112,699.888094,0.0060009888,49974.6
2026-01-28T13:46:54+00:00,999.946178,710.951833,0.0057797204,50001.44
2026-01-28T13:47:02+00:00,999.65095,699.90125,0.0060009517,49950.36
2026-01-28T13:47:02+00:00,999.674294,710.952694,0.0057797204,49954.25
2026-01-28T13:47:03+00:00,999.841559,699.894988,0.0060009489,49983.19
2026-01-28T13:47:03+00:00,999.932473,710.956046,0.0057797204,49998.34
2026-01-28T13:47:21+00:00,999.804568,699.894838,0.0060010499,49976.21
2026-01-28T13:47:21+00:00,999.98736,710.962787,0.0057797204,50006.67
2026-01-28T13:47:42+00:00,999.939793,699.892524,0.0060011326,49998.44
2026-01-28T13:47:42+00:00,999.772901,710.95663,0.0057797204,49970.63
2026-01-28T13:47:48+00:00,999.685859,699.89559,0.006001138,49955.57
2026-01-28T13:47:49+00:00,1000.158868,710.974082,0.0057797204,50034.39
2026-01-28T13:47:56+00:00,1000.12078,699.898072,0.0060011175,50027.8
2026-01-28T13:47:56+00:00,1000.231441,688.819493,0.0062224844,50046.24
2026-01-28T13:47:56+00:00,1000.062251,699.893566,0.0060010873,50019.05
2026-01-28T13:47:56+00:00,1000.153408,710.969488,0.0057797204,50034.24
2026-01-28T13:48:00+00:00,999.733338,699.909858,0.0060010832,49961.56
2026-01-28T13:48:00+00:00,1000.016529,710.979934,0.0057797204,50008.75
2026-01-28T13:48:05+00:00,999.700494,699.923831,0.0060010458,49954.07
2026-01-28T13:48:05+00:00,999.784028,710.983015,0.0057797204,49967.99
2026-01-28T13:48:09+00:00,999.797206,699.925681,0.0060009987,49970.27
2026-01-28T13:48:09+00:00,999.919386,710.987521,0.0057797204,49990.63
2026-01-28T13:48:12+00:00,999.940714,699.926435,0.0060009673,49994.32
2026-01-28T13:48:12+00:00,1000.257565,710.999202,0.0057797204,50047.12
2026-01-28T13:48:23+00:00,999.836107,699.939978,0.0060010191,49974.2
2026-01-28T13:48:24+00:00,999.96861,688.876753,0.0062223001,49996.28
2026-01-28T13:48:24+00:00,999.8446,699.935568,0.0060010191,49976.35
2026-01-28T13:48:43+00:00,999.867223,688.873235,0.0062223538,49980.12
2026-01-28T13:48:43+00:00,999.701771,699.929683,0.0060010191,49953.53
2026-01-28T13:48:52+00:00,1000.250384,688.849056,0.0062224326,50044.95
2026-01-28T13:48:52+00:00,1000.047844,699.922476,0.0060010191,50012.4
2026-01-28T13:48:54+00:00,1000.196189,688.84476,0.0062224091,50037.12
2026-01-28T13:48:54+00:00,999.798017,699.908309,0.0060010191,49973.13
2026-01-28T13:48:57+00:00,999.879391,688.842882,0.0062223866,49986.69
2026-01-28T13:48:58+00:00,1000.222991,699.920533,0.0060010191,50041.91
2026-01-28T13:49:03+00:00,1000.142097,688.848262,0.0062223387,50028.43
2026-01-28T13:49:04+00:00,999.696889,699.904698,0.0060010191,49956.88
2026-01-28T13:49:05+00:00,1000.077714,688.834782,0.0062223274,50020.34
2026-01-28T13:49:05+00:00,999.655156,699.889669,0.0060010191,49952.43
2026-01-28T13:49:06+00:00,999.827205,688.829509,0.0062223059,49981.1
2026-01-28T13:49:07+00:00,999.87773,699.891466,0.0060010191,49989.22
2026-01-28T13:49:18+00:00,999.965525,688.824884,0.0062223337,50003.85
2026-01-28T13:49:18+00:00,999.836287,699.886869,0.0060010191,49983.08
2026-01-28T13:49:55+00:00,1000.104532,688.812229,0.0062223889,50027.78
2026-01-28T13:49:56+00:00,1000.114613,699.887227,0.0060010191,50029.4
2026-01-28T13:50:00+00:00,999.912678,688.820962,0.0062223632,49995.75
2026-01-28T13:50:00+00:00,1000.132515,699.895048,0.0060010191,50031.08
2026-01-28T13:50:04+00:00,999.650993,688.841431,0.006222309,49950.84
2026-01-28T13:50:04+00:00,999.731509,699.897911,0.0060010191,49963.78
2026-01-28T13:50:26+00:00,999.828666,688.833911,0.0062223878,49979.97
2026-01-28T13:50:26+00:00,999.715045,699.893869,0.0060010191,49961.71
2026-01-28T13:50:28+00:00,1000.217751,688.817076,0.0062223536,50045.48
2026-01-28T13:50:28+00:00,999.954981,699.884522,0.0060010191,50003.25
2026-01-28T13:51:16+00:00,999.653609,688.827546,0.0062223666,49953.03
2026-01-28T13:51:16+00:00,1000.062419,699.899064,0.0060010191,50018.73
2026-01-28T13:51:31+00:00,1000.168937,688.824456,0.0062223498,50036.48
2026-01-28T13:51:31+00:00,999.803436,699.886063,0.0060010191,49977.74
2026-01-28T13:51:39+00:00,1000.226688,688.810081,0.0062223251,50048.27
2026-01-28T13:51:39+00:00,1000.051903,699.879847,0.0060010191,50020.18
2026-01-28T13:52:57+00:00,1000.131896,688.800008,0.0062224675,50033.51
2026-01-28T13:52:57+00:00,1000.178316,699.881499,0.0060010191,50040.97
2026-01-28T13:53:11+00:00,1000.137389,688.804151,0.0062224149,50034.15
2026-01-28T13:53:19+00:00,1000.04536,677.730859,0.006443795,50019.36
2026-01-28T13:53:19+00:00,999.808808,688.796024,0.0062224149,49982.65
2026-01-28T13:53:37+00:00,999.976875,677.723477,0.006443823,50009.66
2026-01-28T13:53:37+00:00,1000.085583,688.799759,0.0062224149,50026.53
2026-01-28T13:53:58+00:00,999.945018,677.729811,0.0064437964,50003.94
2026-01-28T13:53:58+00:00,999.845011,688.796323,0.0062224149,49988.42
2026-01-28T13:54:12+00:00,999.965912,677.723082,0.0064438449,50007.85
2026-01-28T13:54:12+00:00,999.979444,688.796788,0.0062224149,50009.95
2026-01-28T13:54:24+00:00,999.846222,677.727489,0.0064438516,49988.54
2026-01-28T13:54:24+00:00,999.763225,688.793936,0.0062224149,49975.66
2026-01-28T13:54:35+00:00,1000.162829,677.713979,0.0064438374,50039.88
2026-01-28T13:54:35+00:00,1000.04046,688.789731,0.0062224149,50020.89
2026-01-28T13:55:29+00:00,999.854472,677.717302,0.0064439033,49991.0
2026-01-28T13:55:29+00:00,999.821995,688.788615,0.0062224149,49985.96
2026-01-28T13:56:20+00:00,999.999147,677.705653,0.0064440101,50014.43
2026-01-28T13:56:20+00:00,1000.206773,688.795755,0.0062224149,50046.65
2026-01-28T13:56:32+00:00,1000.115615,677.708214,0.0064440238,50032.0
2026-01-28T13:56:32+00:00,1000.187981,688.798243,0.0062224149,50043.23
2026-01-28T13:57:11+00:00,1000.065462,677.710822,0.0064440589,50023.54
2026-01-28T13:57:12+00:00,999.926464,688.793463,0.0062224149,50001.97
2026-01-28T13:57:12+00:00,999.968589,677.712156,0.0064440023,50008.74
2026-01-28T13:57:12+00:00,1000.201476,688.801471,0.0062224149,50044.88
2026-01-28T13:57:24+00:00,999.81301,677.722721,0.0064440677,49982.45
2026-01-28T13:57:25+00:00,999.791874,688.800744,0.0062224149,49979.17
2026-01-28T13:58:19+00:00,999.616899,677.7239,0.0064441688,49951.05
2026-01-28T13:58:19+00:00,1000.245915,688.822389,0.0062224149,50048.66
2026-01-28T13:58:35+00:00,999.806799,677.740531,0.0064441492,49978.09
2026-01-28T13:58:35+00:00,999.781345,688.821513,0.0062224149,49974.14
2026-01-28T13:58:53+00:00,1000.109764,677.730763,0.0064441105,50026.92
2026-01-28T13:58:54+00:00,999.78846,688.81046,0.0062224149,49977.06
2026-01-28T13:59:28+00:00,999.750566,677.734217,0.0064440684,49970.97
2026-01-28T13:59:29+00:00,1000.164339,688.824692,0.0062224149,50035.18
2026-01-28T13:59:49+00:00,1000.231666,677.733448,0.0064440358,50046.0
2026-01-28T13:59:49+00:00,1000.045369,688.818285,0.0062224149,50017.09
2026-01-28T13:59:56+00:00,1000.144741,677.731425,0.0064440055,50033.06
2026-01-28T13:59:57+00:00,1000.20525,688.820366,0.0062224149,50042.45
2026-01-28T14:00:16+00:00,999.98591,677.739077,0.0064440087,50007.2
2026-01-28T14:00:16+00:00,999.969349,688.819796,0.0062224149,50004.63
2026-01-28T14:00:22+00:00,1000.240646,677.729391,0.0064440092,50048.23
2026-01-28T14:00:23+00:00,999.902464,688.808167,0.0062224149,49995.75
2026-01-28T14:01:01+00:00,1000.02181,677.723307,0.0064440459,50014.93
2026-01-28T14:01:01+00:00,999.696579,688.796981,0.0062224149,49964.46
2026-01-28T14:01:20+00:00,999.65296,677.725563,0.0064440318,49957.45
2026-01-28T14:01:20+00:00,999.939011,688.806819,0.0062224149,50001.84
2026-01-28T14:01:34+00:00,1000.12139,677.718189,0.0064440494,50031.15
2026-01-28T14:01:34+00:00,1000.179708,688.808824,0.0062224149,50040.2
2026-01-28T14:02:13+00:00,999.934608,677.725134,0.0064440851,50000.81
2026-01-28T14:03:25+00:00,999.865785,666.639577,0.00666584,49990.13
2026-01-28T14:03:25+00:00,1000.231673,677.737306,0.0064440851,50045.02
2026-01-28T14:03:28+00:00,999.971847,666.649227,0.0066658258,50004.7
2026-01-28T14:03:28+00:00,1000.194752,677.744721,0.0064440851,50038.14
2026-01-28T14:03:33+00:00,1000.049632,666.656196,0.0066657863,50015.62
2026-01-28T14:03:33+00:00,1000.268269,677.751993,0.0064440851,50048.42
2026-01-28T14:03:59+00:00,999.885297,666.667619,0.0066658214,49988.99
2026-01-28T14:03:59+00:00,1000.121467,655.577795,0.0068875096,50024.42
2026-01-28T14:03:59+00:00,999.612618,644.505995,0.0071091648,49950.54
2026-01-28T14:03:59+00:00,1000.087439,633.420556,0.0073307968,50017.33
2026-01-28T14:03:59+00:00,999.609618,622.35076,0.0075524048,49952.15
2026-01-28T14:04:00+00:00,1000.337066,633.448322,0.0073306685,50048.47
2026-01-28T14:04:00+00:00,999.979329,644.53266,0.0071089803,49999.67
2026-01-28T14:04:00+00:00,999.750917,655.608228,0.006887325,49967.54
2026-01-28T14:04:00+00:00,999.99528,666.690496,0.0066656931,50003.02
2026-01-28T14:04:00+00:00,1000.287304,677.781274,0.0064440851,50046.83
2026-01-28T14:04:16+00:00,999.988749,666.697458,0.0066657592,50000.5
2026-01-28T14:04:17+00:00,999.846835,655.621732,0.0068873658,49979.21
2026-01-28T14:04:17+00:00,999.876313,666.698406,0.0066657592,49983.49
2026-01-28T14:04:35+00:00,1000.294656,655.606091,0.0068874005,50046.25
2026-01-28T14:04:35+00:00,999.936994,666.686897,0.0066657592,49994.32
2026-01-28T14:04:47+00:00,999.992053,655.605135,0.006887383,50002.58
2026-01-28T14:04:47+00:00,1000.191305,666.693308,0.0066657592,50031.51
2026-01-28T14:06:35+00:00,999.766496,655.610088,0.0068875665,49967.78
2026-01-28T14:06:36+00:00,999.686669,666.690737,0.0066657592,49956.19
2026-01-28T14:06:36+00:00,999.924703,655.603824,0.0068875334,49991.9
2026-01-28T14:06:36+00:00,1000.313642,666.703261,0.0066657592,50048.37
2026-01-28T14:06:43+00:00,999.796779,655.619289,0.006887568,49970.83
2026-01-28T14:06:43+00:00,999.922684,666.707316,0.0066657592,49989.11
2026-01-28T14:07:14+00:00,999.688583,655.630213,0.0068875053,49953.99
2026-01-28T14:07:15+00:00,999.874132,666.71329,0.0066657592,49980.93
2026-01-28T14:07:19+00:00,1000.216485,655.619551,0.0068874907,50032.29
2026-01-28T14:07:19+00:00,999.787877,666.699491,0.0066657592,49970.06
2026-01-28T14:07:26+00:00,1000.094768,655.607109,0.0068875354,50016.1
2026-01-28T14:07:26+00:00,1000.045109,666.697892,0.0066657592,50008.89
2026-01-28T14:07:31+00:00,1000.034844,655.604282,0.0068875988,50007.35
2026-01-28T14:07:31+00:00,1000.009153,666.697065,0.0066657592,50003.62
2026-01-28T14:07:40+00:00,1000.178597,655.599236,0.0068875869,50029.04
2026-01-28T14:07:40+00:00,999.662648,666.680448,0.0066657592,49954.13
2026-01-28T14:07:40+00:00,1000.249501,655.581326,0.0068875545,50042.17
2026-01-28T14:08:00+00:00,999.958571,644.488284,0.0071094157,49999.93
2026-01-28T14:08:12+00:00,1000.28212,633.389927,0.0073311813,50045.44
2026-01-28T14:08:12+00:00,1000.080879,644.482197,0.0071094157,50017.99
2026-01-28T14:08:14+00:00,999.763586,633.402624,0.0073311253,49973.36
2026-01-28T14:08:14+00:00,1000.029706,644.490245,0.0071094157,50009.66
2026-01-28T14:08:26+00:00,999.819054,633.410705,0.007331095,49980.03
2026-01-28T14:08:26+00:00,999.977039,644.495022,0.0071094157,50001.58
2026-01-28T14:08:58+00:00,999.853477,633.413721,0.0073311118,49984.2
2026-01-28T14:08:58+00:00,1000.054277,644.501094,0.0071094157,50011.59
2026-01-28T14:09:04+00:00,999.944436,633.417985,0.007331095,49996.14
2026-01-28T14:09:04+00:00,1000.228516,644.509684,0.0071094157,50034.89
2026-01-28T14:09:07+00:00,1000.219914,633.419724,0.0073310656,50033.68
2026-01-28T14:09:07+00:00,999.7247,644.494712,0.0071094157,49966.13
2026-01-28T14:09:13+00:00,999.838806,633.416055,0.0073310678,49982.18
2026-01-28T14:09:13+00:00,999.623493,644.488202,0.0071094157,49952.81
2026-01-28T14:09:55+00:00,1000.192317,633.394897,0.0073311363,50032.82
2026-01-28T14:09:55+00:00,999.777668,644.475661,0.0071094157,49976.26
2026-01-28T14:10:12+00:00,999.865114,633.390623,0.0073311672,49988.56
2026-01-28T14:10:12+00:00,1000.150736,644.484301,0.0071094157,50027.52
2026-01-28T14:10:17+00:00,999.694241,633.406944,0.0073311255,49963.31
2026-01-28T14:10:17+00:00,999.710882,644.484804,0.0071094157,49965.58
2026-01-28T14:10:50+00:00,1000.249207,633.389594,0.0073311367,50041.3
2026-01-28T14:10:50+00:00,1000.256758,644.485032,0.0071094157,50042.33
2026-01-28T14:10:50+00:00,1000.135898,633.394,0.007331124,50025.33
2026-01-28T14:10:50+00:00,999.961857,644.479769,0.0071094157,50001.59
2026-01-28T14:11:19+00:00,999.857207,633.397863,0.007331112,49986.87
2026-01-28T14:11:19+00:00,999.662786,644.47389,0.0071094157,49960.35
2026-01-28T14:12:10+00:00,999.917018,633.38928,0.0073311251,49996.11
2026-01-28T14:12:10+00:00,999.783445,644.46985,0.0071094157,49977.89
2026-01-28T14:13:22+00:00,999.594477,633.391381,0.007331201,49951.31
2026-01-28T14:13:23+00:00,999.605767,644.470192,0.0071094157,49952.85
2026-01-28T14:13:26+00:00,999.616573,633.391378,0.0073311944,49954.37
2026-01-28T14:13:26+00:00,1000.154756,644.486472,0.0071094157,50027.78
2026-01-28T14:13:39+00:00,999.986903,633.3926,0.0073312746,50004.17
2026-01-28T14:13:40+00:00,999.724297,644.478525,0.0071094157,49968.35
2026-01-28T14:13:43+00:00,999.947817,633.38712,0.0073312447,49999.79
2026-01-28T14:13:43+00:00,999.607427,644.468226,0.0071094157,49953.36
2026-01-28T14:13:44+00:00,1000.080843,633.372913,0.0073312334,50019.95
2026-01-28T14:13:44+00:00,999.77711,644.459036,0.0071094157,49978.52
2026-01-28T14:14:29+00:00,999.797514,633.370141,0.0073312762,49981.39
2026-01-28T14:14:29+00:00,999.725961,622.284139,0.0075531221,49971.63
2026-01-28T14:14:30+00:00,999.777926,633.371668,0.0073312762,49978.51
2026-01-28T14:14:30+00:00,999.976824,622.278903,0.0075531064,50005.64
2026-01-28T14:14:30+00:00,1000.237028,633.37931,0.0073312762,50040.09
2026-01-28T14:14:33+00:00,1000.264227,622.278092,0.0075531062,50043.8
2026-01-28T14:14:34+00:00,1000.033631,633.372537,0.0073312762,50013.27
2026-01-28T14:15:02+00:00,999.962664,622.275737,0.0075531962,50003.59
2026-01-28T14:15:02+00:00,999.999297,633.373614,0.0073312762,50008.44
2026-01-28T14:15:07+00:00,1000.271801,622.268993,0.0075531662,50045.61
2026-01-28T14:15:07+00:00,1000.294234,633.374273,0.0073312762,50048.58
2026-01-28T14:15:10+00:00,999.621443,622.289623,0.0075531608,49956.81
2026-01-28T14:15:11+00:00,999.666837,633.375606,0.0073312762,49962.82
2026-01-28T14:15:17+00:00,999.666031,622.290431,0.0075531451,49962.71
2026-01-28T14:15:18+00:00,999.962869,633.384326,0.0073312762,50002.01
2026-01-28T14:16:58+00:00,999.60283,622.304986,0.0075530719,49952.9
2026-01-28T14:16:58+00:00,999.840072,633.391292,0.0073312762,49984.31
2026-01-28T14:17:00+00:00,999.700705,622.310159,0.0075530527,49965.3
2026-01-28T14:17:01+00:00,999.684919,633.390829,0.0073312762,49963.21
2026-01-28T14:17:51+00:00,1000.05031,622.296826,0.0075530983,50013.05
2026-01-28T14:17:51+00:00,999.838747,633.384616,0.0073312762,49985.04
2026-01-28T14:17:56+00:00,1000.286908,622.283282,0.007553098,50046.17
2026-01-28T14:17:56+00:00,1000.224369,633.382779,0.0073312762,50037.89
2026-01-28T14:18:20+00:00,1000.251201,622.276806,0.0075532112,50041.55
2026-01-28T14:18:20+00:00,1000.159279,633.380078,0.0073312762,50029.38
2026-01-28T14:18:20+00:00,999.691763,622.292015,0.00755319,49965.61
2026-01-28T14:19:27+00:00,999.644253,611.196885,0.0077752733,49959.32
2026-01-28T14:19:27+00:00,1000.015134,622.302609,0.00755319,50007.02
2026-01-28T14:19:38+00:00,1000.100032,611.193809,0.0077752849,50018.26
2026-01-28T14:19:38+00:00,1000.269844,622.307459,0.00755319,50040.1
2026-01-28T14:19:39+00:00,1000.128902,611.200057,0.0077752429,50021.44
2026-01-28T14:19:39+00:00,999.697065,600.105736,0.0079972807,49965.9
2026-01-28T14:19:39+00:00,1000.020874,611.209796,0.0077752279,50006.39
2026-01-28T14:19:39+00:00,999.619362,622.301642,0.00755319,49954.75
2026-01-28T14:19:51+00:00,1000.11757,611.195142,0.0077752281,50020.71
2026-01-28T14:19:51+00:00,1000.244851,622.305276,0.00755319,50037.08
2026-01-28T14:20:00+00:00,999.77474,611.207999,0.0077752473,49974.84
2026-01-28T14:20:00+00:00,1000.106277,622.314745,0.00755319,50017.48
2026-01-28T14:20:28+00:00,1000.236796,611.202737,0.0077752758,50034.76
2026-01-28T14:20:28+00:00,999.937914,622.306208,0.00755319,49996.32
2026-01-28T14:20:29+00:00,999.631859,611.214,0.0077752305,49955.8
2026-01-28T14:20:29+00:00,999.89645,622.313764,0.00755319,49989.83
2026-01-28T14:20:37+00:00,999.926512,611.210836,0.0077752761,49993.81
2026-01-28T14:21:02+00:00,1000.079996,600.102714,0.0079973783,50013.55
2026-01-28T14:21:02+00:00,1000.216991,588.991399,0.0082194684,50030.68
2026-01-28T14:21:02+00:00,999.650012,577.895687,0.0084415527,49961.7
2026-01-28T14:21:02+00:00,999.571927,588.990238,0.0082194505,49952.45
2026-01-28T14:21:03+00:00,1000.344638,600.104774,0.0079973661,50046.46
2026-01-28T14:21:07+00:00,1000.33808,588.986688,0.0082195251,50045.64
2026-01-28T14:21:07+00:00,1000.367095,600.105558,0.0079973661,50049.17
2026-01-28T14:21:14+00:00,1000.153565,588.990216,0.0082195731,50022.47
2026-01-28T14:21:14+00:00,999.562003,600.089566,0.0079973661,49950.5
2026-01-28T14:21:14+00:00,999.756659,588.98628,0.0082195436,49974.84
2026-01-28T14:21:15+00:00,999.866143,600.092525,0.0079973661,49988.16
2026-01-28T14:21:18+00:00,999.805363,588.988169,0.0082195396,49980.56
2026-01-28T14:21:26+00:00,1000.126993,577.87608,0.0084416939,50019.69
2026-01-28T14:21:26+00:00,999.92836,588.982941,0.0082195396,49996.16
2026-01-28T14:21:29+00:00,999.76323,577.881306,0.0084416787,49976.07
2026-01-28T14:21:29+00:00,999.993603,588.989003,0.0082195396,50003.36
2026-01-28T14:21:29+00:00,1000.164323,577.87762,0.0084416601,50024.13
2026-01-28T14:21:29+00:00,1000.189901,588.989676,0.0082195396,50027.16
2026-01-28T14:21:34+00:00,1000.102856,577.879974,0.0084416601,50016.57
2026-01-28T14:21:34+00:00,999.693183,588.978897,0.0082195396,49968.04
2026-01-28T14:21:51+00:00,1000.325676,577.861307,0.0084416915,50044.99
2026-01-28T14:21:51+00:00,999.906124,588.967856,0.0082195396,49995.29
2026-01-28T14:21:53+00:00,1000.343075,577.850913,0.0084416633,50048.45
2026-01-28T14:21:53+00:00,999.755788,588.952403,0.0082195396,49978.88
2026-01-28T14:22:00+00:00,999.969085,577.843556,0.0084416951,50004.83
2026-01-28T14:22:00+00:00,999.570384,588.94191,0.0082195396,49957.6
2026-01-28T14:22:04+00:00,999.647977,577.842413,0.008441676,49967.04
2026-01-28T14:22:04+00:00,999.827362,588.946631,0.0082195396,49988.29
2026-01-28T14:22:05+00:00,999.805991,577.843494,0.008441666,49985.69
2026-01-28T14:22:05+00:00,999.868713,588.948281,0.0082195396,49993.12
2026-01-28T14:22:09+00:00,1000.196344,577.836329,0.0084416322,50032.98
2026-01-28T14:22:09+00:00,1000.258221,588.949909,0.0082195396,50040.31
2026-01-28T14:22:25+00:00,1000.261591,577.835373,0.0084416495,50040.72
2026-01-28T14:22:25+00:00,1000.030712,588.943834,0.0082195396,50013.37
2026-01-28T14:22:32+00:00,999.584802,577.850889,0.0084415801,49959.12
2026-01-28T14:22:32+00:00,1000.176979,588.959411,0.0082195396,50029.27
2026-01-28T14:22:46+00:00,999.761234,577.861773,0.008441587,49978.69
2026-01-28T14:22:46+00:00,999.538967,588.953564,0.0082195396,49952.36
2026-01-28T14:23:29+00:00,999.787855,577.849895,0.0084416902,49982.64
2026-01-28T14:23:30+00:00,1000.062126,588.960782,0.0082195396,50015.13
2026-01-28T14:23:40+00:00,1000.023083,577.852152,0.0084416661,50010.38
2026-01-28T14:23:41+00:00,999.782495,588.954451,0.0082195396,49981.88
2026-01-28T14:23:45+00:00,1000.101496,577.844138,0.008441654,50020.69
2026-01-28T14:23:45+00:00,1000.238757,588.958063,0.0082195396,50036.95
2026-01-28T14:23:47+00:00,999.975567,577.85278,0.0084416234,50004.93
2026-01-28T14:23:47+00:00,1000.303018,588.966677,0.0082195396,50043.72
2026-01-28T14:24:16+00:00,999.880369,577.864612,0.0084416151,49992.3
2026-01-28T14:24:16+00:00,999.547854,588.95793,0.0082195396,49952.91
2026-01-28T14:24:23+00:00,999.916336,577.856377,0.0084415807,49997.74
2026-01-28T14:24:23+00:00,999.766667,588.953993,0.0082195396,49980.01
2026-01-28T14:24:27+00:00,999.580001,577.862533,0.0084415584,49957.3
2026-01-28T14:24:27+00:00,999.531209,588.95271,0.0082195396,49951.52
2026-01-28T14:24:32+00:00,999.748862,577.854668,0.0084415982,49978.0
2026-01-28T14:24:32+00:00,999.841635,588.95515,0.0082195396,49988.99
2026-01-28T14:25:06+00:00,999.818867,577.851206,0.0084416797,49986.22
2026-01-28T14:25:06+00:00,999.822666,588.95525,0.0082195396,49986.67
2026-01-28T14:25:06+00:00,999.729374,577.854561,0.0084416631,49975.32
2026-01-28T14:25:07+00:00,999.987183,588.962034,0.0082195396,50005.86
2026-01-28T14:25:07+00:00,999.690375,577.863478,0.0084416451,49969.75
2026-01-28T14:25:07+00:00,1000.007528,588.970378,0.0082195396,50007.32
2026-01-28T14:25:24+00:00,999.638059,577.873575,0.0084416429,49962.37
2026-01-28T14:25:24+00:00,999.824873,588.975293,0.0082195396,49984.5
2026-01-28T14:25:43+00:00,999.922685,577.86957,0.0084416701,49996.4
2026-01-28T14:25:43+00:00,999.606798,588.966981,0.0082195396,49958.98
2026-01-28T14:27:28+00:00,1000.298719,577.843101,0.0084418254,50043.16
2026-01-28T14:27:28+00:00,1000.091894,588.961535,0.0082195396,50018.66
2026-01-28T14:27:40+00:00,1000.100607,577.839503,0.0084418926,50019.72
2026-01-28T14:27:41+00:00,1000.298907,566.71601,0.0086641704,50043.21
2026-01-28T14:27:41+00:00,999.60534,577.825466,0.0084418174,49963.16
2026-01-28T14:27:41+00:00,999.661478,588.932644,0.0082195396,49969.81
2026-01-28T14:27:55+00:00,1000.15876,577.81077,0.0084418424,50030.31
2026-01-28T14:27:55+00:00,999.580241,588.917409,0.0082195396,49961.78
2026-01-28T14:27:57+00:00,999.979875,577.801485,0.0084418119,50010.4
2026-01-28T14:27:57+00:00,1000.224434,588.923849,0.0082195396,50039.37
2026-01-28T14:27:59+00:00,999.866884,577.812163,0.0084417917,49995.87
2026-01-28T14:27:59+00:00,999.929353,588.925493,0.0082195396,50003.27
2026-01-28T14:28:00+00:00,999.850035,577.815056,0.0084417768,49993.62
2026-01-28T14:28:00+00:00,999.83695,588.925149,0.0082195396,49992.07
2026-01-28T14:28:10+00:00,999.774564,577.820128,0.008441709,49984.48
2026-01-28T14:28:10+00:00,999.669633,588.922387,0.0082195396,49972.05
2026-01-28T14:28:38+00:00,999.634289,577.821911,0.0084416925,49967.75
2026-01-28T14:28:38+00:00,1000.126524,588.935341,0.0082195396,50026.06
2026-01-28T14:28:55+00:00,1000.112633,577.825728,0.0084416237,50024.37
2026-01-28T14:28:55+00:00,999.495129,588.919096,0.0082195396,49951.22
2026-01-28T14:29:03+00:00,999.504746,577.82486,0.0084416358,49952.39
2026-01-28T14:29:03+00:00,999.68126,588.92374,0.0082195396,49973.3
2026-01-28T14:30:09+00:00,999.956861,577.803108,0.0084419219,50006.83
2026-01-28T14:30:09+00:00,1000.154402,588.928943,0.0082195396,50030.23
2026-01-28T14:30:11+00:00,999.521827,577.823019,0.0084418659,49953.27
2026-01-28T14:30:11+00:00,999.907029,588.939088,0.0082195396,49998.9
2026-01-28T14:30:12+00:00,999.769023,577.827685,0.0084418473,49982.11
2026-01-28T14:30:12+00:00,999.863571,588.941578,0.0082195396,49993.31
2026-01-28T14:30:12+00:00,1000.096678,577.82291,0.0084418167,50021.67
2026-01-28T14:30:15+00:00,999.614143,566.71796,0.0086640734,49964.51
2026-01-28T14:30:15+00:00,1000.149237,577.836636,0.0084418167,50026.27
2026-01-28T14:30:20+00:00,999.810466,566.728109,0.0086640488,49986.14
2026-01-28T14:30:21+00:00,999.570126,555.626329,0.0088862693,49958.4
2026-01-28T14:30:21+00:00,999.803124,566.733936,0.0086640488,49984.62
2026-01-28T14:30:25+00:00,999.720989,555.629382,0.0088862504,49975.14
2026-01-28T14:30:26+00:00,1000.003394,544.518685,0.0091084336,50006.92
2026-01-28T14:30:26+00:00,999.828421,555.626032,0.008886232,49987.71
2026-01-28T14:30:26+00:00,999.912484,566.734563,0.0086640488,49997.17
2026-01-28T14:30:28+00:00,1000.274988,555.617938,0.008886208,50039.01
2026-01-28T14:30:28+00:00,999.975701,566.72708,0.0086640488,50005.33
2026-01-28T14:30:34+00:00,999.673239,555.628647,0.0088861489,49970.42
2026-01-28T14:30:46+00:00,999.718203,544.525147,0.0091083278,49975.48
2026-01-28T14:30:46+00:00,1000.024333,555.636114,0.0088861489,50009.09
2026-01-28T14:30:48+00:00,1000.249864,544.516511,0.0091083877,50034.47
2026-01-28T14:30:48+00:00,999.864124,555.626702,0.0088861489,49992.12
2026-01-28T14:30:54+00:00,999.624997,544.525663,0.0091083243,49965.21
2026-01-28T14:30:54+00:00,1000.122312,555.638833,0.0088861489,50019.81
2026-01-28T14:30:59+00:00,999.629308,544.539808,0.0091082879,49964.33
2026-01-28T14:30:59+00:00,999.786517,555.642667,0.0088861489,49981.59
2026-01-28T14:31:00+00:00,999.732401,544.544698,0.0091082171,49975.5
2026-01-28T14:31:00+00:00,999.580658,555.638967,0.0088861489,49958.84
2026-01-28T14:31:02+00:00,1000.088768,544.53052,0.0091082467,50016.02
2026-01-28T14:31:02+00:00,999.824356,555.63252,0.0088861489,49986.99
2026-01-28T14:31:09+00:00,999.876962,544.527514,0.0091082805,49992.91
2026-01-28T14:31:09+00:00,1000.056304,555.636894,0.0088861489,50012.6
2026-01-28T14:31:09+00:00,999.814511,544.535909,0.0091082335,49985.39
2026-01-28T14:31:10+00:00,999.873897,555.638342,0.0088861489,49991.91
2026-01-28T14:31:10+00:00,999.526004,544.546147,0.0091082026,49952.76
2026-01-28T14:31:10+00:00,1000.092899,555.652162,0.0088861489,50015.0
2026-01-28T14:31:14+00:00,999.982533,544.547259,0.0091082355,50002.58
2026-01-28T14:31:14+00:00,1000.38703,555.662025,0.0088861489,50046.99
2026-01-28T14:31:26+00:00,1000.043669,544.550722,0.0091083379,50008.35
2026-01-28T14:31:26+00:00,999.825706,555.656708,0.0088861489,49984.42
2026-01-28T14:31:29+00:00,1000.32262,544.537897,0.0091083459,50040.34
2026-01-28T14:31:29+00:00,1000.119139,555.651744,0.0088861489,50018.0
2026-01-28T14:31:35+00:00,1000.167391,544.541195,0.0091082558,50023.43
2026-01-28T14:31:35+00:00,999.978122,555.647129,0.0088861489,50002.65
2026-01-28T14:31:44+00:00,999.974567,544.539366,0.0091082941,50002.25
2026-01-28T14:31:44+00:00,999.795498,555.642762,0.0088861489,49982.59
2026-01-28T14:31:52+00:00,1000.218834,544.528357,0.0091083027,50030.23
2026-01-28T14:31:53+00:00,1000.240421,555.643288,0.0088861489,50032.6
2026-01-28T14:31:55+00:00,1000.336658,544.528232,0.0091082571,50043.43
2026-01-28T14:31:55+00:00,1000.283375,555.641989,0.0088861489,50037.58
2026-01-28T14:31:55+00:00,999.959119,544.539308,0.0091081977,50001.09
2026-01-28T14:31:55+00:00,999.92633,555.641189,0.0088861489,49997.49
2026-01-28T14:31:56+00:00,999.915755,544.540563,0.0091081778,49996.3
2026-01-28T14:31:58+00:00,1000.310777,533.432167,0.0093301696,50039.67
2026-01-28T14:31:58+00:00,999.801723,544.528451,0.0091081778,49985.11
2026-01-28T14:32:00+00:00,1000.037351,533.427266,0.0093301528,50010.98
2026-01-28T14:32:00+00:00,999.78609,522.33309,0.0095521071,49984.05
2026-01-28T14:32:00+00:00,999.748741,533.427429,0.0093301322,49980.14
2026-01-28T14:32:00+00:00,1000.180073,544.530999,0.0091081778,50026.37
2026-01-28T14:32:02+00:00,1000.063944,533.426066,0.009330216,50013.62
2026-01-28T14:32:02+00:00,1000.277886,544.53609,0.0091081778,50036.55
2026-01-28T14:32:03+00:00,999.612625,533.445099,0.0093301597,49963.51
2026-01-28T14:32:03+00:00,1000.213114,544.550377,0.0091081778,50027.87
2026-01-28T14:32:07+00:00,1000.146442,533.445071,0.0093301927,50020.55
2026-01-28T14:32:07+00:00,999.651195,544.538592,0.0091081778,49967.47
2026-01-28T14:32:16+00:00,1000.373474,533.423369,0.0093302746,50046.77
2026-01-28T14:32:16+00:00,1000.317865,544.537268,0.0091081778,50040.81
2026-01-28T14:32:17+00:00,999.593492,533.442209,0.009330251,49961.28
2026-01-28T14:32:17+00:00,999.490766,522.351503,0.009552286,49950.27
2026-01-28T14:32:17+00:00,999.584569,533.446299,0.0093302128,49960.09
2026-01-28T14:32:17+00:00,999.517205,544.537581,0.0091081778,49952.87
2026-01-28T14:32:18+00:00,1000.161791,533.424553,0.0093303334,50023.64
2026-01-28T14:32:18+00:00,999.606543,544.524361,0.0091081778,49964.13
2026-01-28T14:32:19+00:00,1000.272624,533.408343,0.0093303327,50037.26
2026-01-28T14:32:19+00:00,999.665779,544.509912,0.0091081778,49972.22
2026-01-28T14:32:22+00:00,999.842022,533.4065,0.0093302835,49991.57
2026-01-28T14:32:22+00:00,999.881489,544.510851,0.0091081778,49995.8
2026-01-28T14:32:24+00:00,1000.224868,533.401089,0.0093302243,50033.5
2026-01-28T14:32:24+00:00,1000.180549,544.509797,0.0091081778,50028.75
2026-01-28T14:32:28+00:00,999.89182,533.404077,0.0093303053,49997.05
2026-01-28T14:32:28+00:00,1000.175834,544.516558,0.0091081778,50027.49
2026-01-28T14:32:30+00:00,1000.305262,533.405212,0.0093302196,50041.7
2026-01-28T14:32:30+00:00,999.811786,544.504815,0.0091081778,49988.81
2026-01-28T14:32:33+00:00,999.610951,533.40881,0.0093302456,49966.76
2026-01-28T14:32:33+00:00,999.459148,544.501201,0.0091081778,49950.49
2026-01-28T14:32:34+00:00,1000.055642,533.395058,0.0093302298,50015.98
2026-01-28T14:32:34+00:00,999.447778,544.486735,0.0091081778,49950.83
2026-01-28T14:32:39+00:00,1000.335734,533.373823,0.0093302215,50048.32
2026-01-28T14:32:39+00:00,1000.160046,544.482554,0.0091081778,50029.49
2026-01-28T14:32:43+00:00,1000.212691,533.371935,0.0093302336,50035.27
2026-01-28T14:32:43+00:00,999.546979,544.46671,0.0091081778,49963.92
2026-01-28T14:32:46+00:00,999.847913,533.362176,0.009330282,49996.96
2026-01-28T14:32:46+00:00,999.571177,544.460122,0.0091081778,49967.3
2026-01-28T14:32:47+00:00,999.43583,533.367959,0.0093302323,49952.44
2026-01-28T14:32:48+00:00,1000.145021,544.477001,0.0091081778,50028.45
2026-01-28T14:32:50+00:00,1000.046379,533.369468,0.0093302502,50017.62
2026-01-28T14:32:50+00:00,999.456334,544.462957,0.0091081778,49954.38
2026-01-28T14:32:52+00:00,1000.299569,533.351107,0.0093302063,50046.96
2026-01-28T14:32:52+00:00,999.701783,544.448732,0.0091081778,49982.89
2026-01-28T14:32:52+00:00,999.970201,533.345278,0.009330192,50012.36
2026-01-28T14:32:52+00:00,999.419626,544.435631,0.0091081778,49953.35
2026-01-28T14:32:56+00:00,1000.182345,533.324878,0.0093302282,50037.09
2026-01-28T14:32:56+00:00,999.565244,544.420944,0.0091081778,49970.95
2026-01-28T14:33:01+00:00,999.850785,533.315378,0.0093302789,50002.3
2026-01-28T14:33:01+00:00,1000.091786,544.426681,0.0091081778,50028.13
2026-01-28T14:33:01+00:00,999.54484,533.331363,0.009330226,49968.08
2026-01-28T14:33:02+00:00,999.744041,544.431422,0.0091081778,49989.43
2026-01-28T14:33:04+00:00,1000.07822,533.320736,0.0093302755,50026.12
2026-01-28T14:33:04+00:00,1000.27145,522.205751,0.0095523672,50046.83
2026-01-28T14:33:04+00:00,999.975708,533.314161,0.0093302695,50015.87
2026-01-28T14:33:08+00:00,1000.127139,522.207638,0.0095522575,50032.1
2026-01-28T14:33:08+00:00,999.705502,533.304362,0.0093302695,49987.96
2026-01-28T14:33:15+00:00,1000.213815,522.193307,0.0095523022,50042.44
2026-01-28T14:33:15+00:00,999.636092,533.290933,0.0093302695,49981.96
2026-01-28T14:33:25+00:00,1000.035521,522.17936,0.009552391,50024.77
2026-01-28T14:33:25+00:00,1000.0317,533.290845,0.0093302695,50024.37
2026-01-28T14:33:34+00:00,1000.128734,522.17613,0.0095524093,50034.77
2026-01-28T14:33:34+00:00,999.773958,511.070947,0.0097745235,49997.63
2026-01-28T14:33:34+00:00,1000.189668,522.186858,0.0095523837,50040.16
2026-01-28T14:33:34+00:00,1000.280607,533.303603,0.0093302695,50049.68
2026-01-28T14:33:34+00:00,999.653053,522.20066,0.0095524065,49982.42
2026-01-28T14:33:34+00:00,999.415007,533.298067,0.0093302695,49957.5
2026-01-28T14:33:43+00:00,999.609263,522.193658,0.0095524541,49978.32
2026-01-28T14:33:44+00:00,1000.11134,533.309745,0.0093302695,50030.88
2026-01-28T14:33:46+00:00,999.52372,522.210053,0.009552406,49967.9
2026-01-28T14:33:46+00:00,999.51732,533.309597,0.0093302695,49967.23
2026-01-28T14:33:47+00:00,999.697301,522.206341,0.0095523945,49986.52
2026-01-28T14:33:48+00:00,999.810306,533.312224,0.0093302695,49998.35
2026-01-28T14:33:51+00:00,999.529744,522.21275,0.0095523999,49968.28
2026-01-28T14:33:51+00:00,1000.187332,533.327516,0.0093302695,50037.12
2026-01-28T14:33:55+00:00,999.493813,522.230543,0.0095523743,49962.79
2026-01-28T14:33:55+00:00,1000.084341,533.341246,0.0093302695,50024.61
2026-01-28T14:34:09+00:00,999.770284,522.22576,0.0095526195,49990.95
2026-01-28T14:34:10+00:00,999.767513,533.341182,0.0093302695,49990.66
2026-01-28T14:34:18+00:00,999.96121,522.216466,0.009552713,50011.42
2026-01-28T14:34:18+00:00,1000.142998,533.345415,0.0093302695,50030.45
2026-01-28T14:34:19+00:00,999.649333,522.229896,0.0095526798,49977.54
2026-01-28T14:34:19+00:00,1000.111301,533.356171,0.0093302695,50025.9
2026-01-28T14:34:28+00:00,1000.090588,522.234652,0.0095525946,50023.68
2026-01-28T14:34:28+00:00,999.419805,533.340559,0.0093302695,49953.46
2026-01-28T14:34:30+00:00,1000.048012,522.220735,0.0095525736,50020.79
2026-01-28T14:34:30+00:00,1000.007986,533.339628,0.0093302695,50016.6
2026-01-28T14:34:34+00:00,999.917483,522.225685,0.0095525177,50006.9
2026-01-28T14:34:34+00:00,999.490008,533.329682,0.0093302695,49962.15
2026-01-28T14:34:37+00:00,999.996641,522.215477,0.0095524805,50016.45
2026-01-28T14:34:37+00:00,1000.192945,533.334248,0.0093302695,50037.0
2026-01-28T14:34:38+00:00,999.417693,522.237482,0.0095524096,49953.91
2026-01-28T14:34:38+00:00,999.891301,533.345262,0.0093302695,50003.49
2026-01-28T14:34:40+00:00,1000.302673,522.228611,0.0095523912,50047.58
2026-01-28T14:34:40+00:00,999.508105,533.326786,0.0093302695,49964.4
2026-01-28T14:34:41+00:00,999.842315,522.221296,0.0095523783,50000.22
2026-01-28T14:34:41+00:00,999.377974,511.128454,0.0097744501,49951.61
2026-01-28T14:34:41+00:00,999.65244,522.229384,0.0095523413,49979.69
2026-01-28T14:34:42+00:00,1000.125186,533.339452,0.0093302695,50029.18
2026-01-28T14:34:43+00:00,999.583004,522.243496,0.0095523171,49971.07
2026-01-28T14:34:43+00:00,999.591505,533.33965,0.0093302695,49971.96
2026-01-28T14:34:43+00:00,999.736778,522.243293,0.009552252,49987.53
2026-01-28T14:34:44+00:00,999.60467,533.33658,0.0093302695,49973.7
2026-01-28T14:34:51+00:00,999.558112,522.244072,0.0095522586,49968.71
2026-01-28T14:34:51+00:00,1000.194866,533.351378,0.0093302695,50035.37
2026-01-28T14:34:52+00:00,999.496308,522.261369,0.0095522451,49960.5
2026-01-28T14:34:53+00:00,1000.25896,533.3691,0.0093302695,50040.34
2026-01-28T14:34:55+00:00,999.754658,522.274907,0.0095522142,49986.29
2026-01-28T14:34:55+00:00,1000.106753,533.377281,0.0093302695,50023.15
2026-01-28T14:35:04+00:00,999.785419,522.275584,0.0095523536,49988.71
2026-01-28T14:35:04+00:00,999.730684,533.376008,0.0093302695,49982.98
2026-01-28T14:35:09+00:00,999.497054,522.282915,0.0095523182,49957.94
2026-01-28T14:35:10+00:00,999.668613,533.379996,0.0093302695,49975.9
2026-01-28T14:35:10+00:00,1000.262018,522.270169,0.0095522907,50039.5
2026-01-28T14:35:10+00:00,1000.090937,533.37602,0.0093302695,50021.59
2026-01-28T14:35:13+00:00,999.772495,522.279364,0.0095522583,49987.46
2026-01-28T14:35:13+00:00,999.617366,533.372415,0.0093302695,49971.22
2026-01-28T14:35:17+00:00,1000.000374,522.267662,0.0095523101,50012.27
2026-01-28T14:35:17+00:00,1000.32754,533.38002,0.0093302695,50046.52
2026-01-28T14:35:22+00:00,999.702972,522.283252,0.0095522956,49979.58
2026-01-28T14:35:23+00:00,999.753886,533.381203,0.0093302695,49984.91
2026-01-28T14:35:24+00:00,1000.262385,522.27158,0.009552287,50039.41
2026-01-28T14:35:24+00:00,999.601845,533.365851,0.0093302695,49970.26
2026-01-28T14:35:25+00:00,999.974309,522.26563,0.0095522288,50010.18
2026-01-28T14:35:25+00:00,999.428686,533.353172,0.0093302695,49953.06
2026-01-28T14:35:28+00:00,999.963404,522.249889,0.0095522891,50010.37
2026-01-28T14:35:28+00:00,999.689444,533.346805,0.0093302695,49981.69
2026-01-28T14:35:31+00:00,999.924567,522.242197,0.0095523311,50006.89
2026-01-28T14:35:32+00:00,999.604373,533.339361,0.0093302695,49973.37
2026-01-28T14:35:38+00:00,999.799189,522.235551,0.0095523713,49994.25
2026-01-28T14:35:38+00:00,1000.064076,533.34552,0.0093302695,50021.98
2026-01-28T14:35:39+00:00,999.582727,522.247754,0.0095523564,49970.39
2026-01-28T14:35:39+00:00,999.947341,533.353997,0.0093302695,50008.56
2026-01-28T14:35:41+00:00,999.477375,522.260372,0.0095523277,49958.19
2026-01-28T14:35:41+00:00,1000.092354,533.368293,0.0093302695,50022.57
2026-01-28T14:35:44+00:00,1000.056526,522.269251,0.0095521673,50018.73
2026-01-28T14:35:44+00:00,999.919261,533.365105,0.0093302695,50004.36
2026-01-28T14:35:47+00:00,999.710076,522.272871,0.0095521944,49981.94
2026-01-28T14:35:47+00:00,999.96789,533.371095,0.0093302695,50008.93
2026-01-28T14:35:47+00:00,999.559691,522.282948,0.009552187,49965.18
2026-01-28T14:35:47+00:00,1000.163198,533.385115,0.0093302695,50028.36
2026-01-28T14:35:48+00:00,999.469586,522.300621,0.0095521635,49954.02
2026-01-28T14:35:48+00:00,999.595483,533.38804,0.0093302695,49967.2
2026-01-28T14:35:49+00:00,999.448345,522.305614,0.0095521336,49951.43
2026-01-28T14:35:49+00:00,999.737966,533.394767,0.0093302695,49981.75
2026-01-28T14:35:57+00:00,999.860379,522.301073,0.0095521662,49994.87
2026-01-28T14:35:57+00:00,999.729132,533.391718,0.0093302695,49981.13
2026-01-28T14:36:06+00:00,999.938223,522.288262,0.0095523229,50003.54
2026-01-28T14:36:25+00:00,1000.33751,511.157526,0.009774736,50045.34
2026-01-28T14:36:25+00:00,1000.241523,522.286078,0.0095523229,50035.52
2026-01-28T14:36:27+00:00,1000.274383,511.157549,0.0097747202,50038.96
2026-01-28T14:36:27+00:00,999.613416,522.27104,0.0095523229,49971.34
2026-01-28T14:36:27+00:00,1000.022446,511.150265,0.0097746754,50014.16
2026-01-28T14:36:27+00:00,999.964678,522.269726,0.0095523229,50008.25
2026-01-28T14:36:32+00:00,1000.207785,511.151213,0.0097745434,50033.7
2026-01-28T14:36:32+00:00,999.944263,522.263735,0.0095523229,50006.74
2026-01-28T14:36:45+00:00,999.942257,511.147581,0.009774617,50006.53
2026-01-28T14:36:45+00:00,1000.044793,522.266067,0.0095523229,50017.02
2026-01-28T14:36:46+00:00,1000.014894,511.151845,0.0097745456,50013.89
2026-01-28T14:36:46+00:00,1000.280273,522.2721,0.0095523229,50041.04
2026-01-28T14:36:49+00:00,999.785749,511.161418,0.0097745843,49989.27
2026-01-28T14:36:50+00:00,999.493294,522.26545,0.0095523229,49959.35
2026-01-28T14:37:03+00:00,1000.100248,511.144442,0.0097746413,50022.89
2026-01-28T14:37:03+00:00,999.937109,500.029136,0.0099969199,50006.2
2026-01-28T14:37:04+00:00,1000.352681,511.153682,0.0097746413,50047.77
2026-01-28T14:37:09+00:00,999.725149,500.039594,0.0099969961,49983.57
2026-01-28T14:37:09+00:00,1000.175814,511.163705,0.0097746413,50028.65
2026-01-28T14:37:25+00:00,1000.328983,500.033795,0.0099970424,50044.32
2026-01-28T14:37:26+00:00,1000.364272,511.164491,0.0097746413,50047.85
2026-01-28T14:37:31+00:00,999.986971,500.042676,0.0099970364,50009.25
2026-01-28T14:37:31+00:00,1000.278685,511.17098,0.0097746413,50038.43
2026-01-28T14:37:39+00:00,1000.237631,500.044547,0.0099970177,50034.23
2026-01-28T14:37:40+00:00,1000.07498,511.167362,0.0097746413,50017.96
2026-01-28T14:37:48+00:00,999.806568,500.043472,0.0099971614,49990.5
2026-01-28T14:37:48+00:00,1000.289531,488.910319,0.0102196518,50038.81
2026-01-28T14:37:48+00:00,999.574871,477.793406,0.0104421285,49968.88
2026-01-28T14:37:48+00:00,999.680754,488.914742,0.0102196084,49979.02
2026-01-28T14:37:48+00:00,999.531343,500.03134,0.009997118,49964.4
2026-01-28T14:37:49+00:00,999.867046,511.154726,0.0097746413,49997.98
2026-01-28T14:37:49+00:00,1000.290484,500.02269,0.0099970983,50041.3
2026-01-28T14:37:49+00:00,999.986872,511.14797,0.0097746413,50010.93
2026-01-28T14:37:51+00:00,999.995865,500.019479,0.0099971584,50011.85
2026-01-28T14:37:51+00:00,1000.375157,511.156412,0.0097746413,50049.79
2026-01-28T14:38:00+00:00,999.713511,500.030778,0.0099972337,49982.1
2026-01-28T14:38:00+00:00,999.541259,511.152577,0.0097746413,49964.87
2026-01-28T14:38:01+00:00,999.802926,500.026636,0.0099971973,49991.64
2026-01-28T14:38:02+00:00,1000.158426,511.160491,0.0097746413,50027.2
2026-01-28T14:38:02+00:00,999.624927,500.040664,0.0099971597,49972.62
2026-01-28T14:38:02+00:00,1000.107389,511.17123,0.0097746413,50020.88
2026-01-28T14:38:06+00:00,999.785413,500.050804,0.0099971035,49987.94
2026-01-28T14:38:06+00:00,999.877886,488.929685,0.0102195384,49997.19
2026-01-28T14:38:06+00:00,999.887901,477.809567,0.0104419489,49998.17
2026-01-28T14:38:06+00:00,999.386583,488.921589,0.0102194867,49950.16
2026-01-28T14:38:06+00:00,999.6807,500.038648,0.0099970518,49978.94
2026-01-28T14:38:06+00:00,1000.301617,511.168303,0.0097746413,50041.05
2026-01-28T14:38:10+00:00,1000.197224,500.038439,0.0099971035,50030.37
2026-01-28T14:38:10+00:00,1000.017976,511.164314,0.0097746413,50012.44
2026-01-28T14:38:11+00:00,1000.278665,500.033252,0.0099970885,50039.11
2026-01-28T14:38:11+00:00,999.84879,511.154749,0.0097746413,49996.11
2026-01-28T14:38:13+00:00,999.757398,500.034355,0.0099971081,49986.76
2026-01-28T14:38:13+00:00,999.873864,511.157341,0.0097746413,49998.41
2026-01-28T14:38:16+00:00,1000.178637,500.028706,0.0099970824,50029.59
2026-01-28T14:38:16+00:00,999.878025,511.150652,0.0097746413,49999.52
2026-01-28T14:38:21+00:00,1000.253078,500.023327,0.0099970193,50037.89
2026-01-28T14:38:21+00:00,1000.188797,511.149222,0.0097746413,50031.46
2026-01-28T14:38:24+00:00,999.601243,500.0337,0.0099970792,49971.35
2026-01-28T14:38:24+00:00,999.526465,511.147558,0.0097746413,49963.87
2026-01-28T14:38:30+00:00,1000.285368,500.016714,0.0099970735,50041.51
2026-01-28T14:38:30+00:00,999.707038,511.13469,0.0097746413,49983.66
2026-01-28T14:38:32+00:00,1000.263704,500.001909,0.0099971162,50040.61
2026-01-28T14:38:32+00:00,999.526016,511.118274,0.0097746413,49966.82
2026-01-28T14:38:34+00:00,1000.000673,499.992852,0.0099970813,50015.38
2026-01-28T14:38:34+00:00,1000.01117,511.118507,0.0097746413,50016.43
2026-01-28T14:38:36+00:00,999.396834,500.007157,0.0099970748,49953.58
2026-01-28T14:38:36+00:00,999.401232,511.118605,0.0097746413,49954.02
2026-01-28T14:38:39+00:00,999.766022,500.000842,0.0099970351,49991.34
2026-01-28T14:38:45+00:00,999.881488,488.880056,0.010219438,50002.89
2026-01-28T14:38:45+00:00,1000.206159,500.007908,0.0099970351,50034.66
2026-01-28T14:38:46+00:00,999.576246,488.894626,0.0102194268,49971.65
2026-01-28T14:38:46+00:00,999.805059,500.012887,0.0099970351,49994.04
2026-01-28T14:38:47+00:00,1000.158254,488.887689,0.0102194084,50029.37
2026-01-28T14:38:47+00:00,999.864957,500.006505,0.0099970351,50000.67
2026-01-28T14:38:50+00:00,999.429386,488.895848,0.010219439,49957.1
2026-01-28T14:38:51+00:00,999.755489,500.013602,0.0099970351,49989.01
2026-01-28T14:39:00+00:00,1000.242344,488.88203,0.0102194987,50037.71
2026-01-28T14:39:00+00:00,999.607816,499.999789,0.0099970351,49975.62
2026-01-28T14:39:10+00:00,999.956112,488.866011,0.0102196641,50010.46
2026-01-28T14:39:11+00:00,999.99832,477.73269,0.0104422655,50014.59
2026-01-28T14:39:11+00:00,999.484873,488.856441,0.0102196365,49965.42
2026-01-28T14:39:11+00:00,1000.220585,499.994842,0.0099970351,50037.41
2026-01-28T14:39:14+00:00,999.89888,488.862198,0.0102196647,50005.23
2026-01-28T14:39:14+00:00,1000.348546,500.004637,0.0099970351,50049.23
2026-01-28T14:39:20+00:00,1000.114215,488.866876,0.0102196755,50025.79
2026-01-28T14:39:20+00:00,1000.107061,500.004481,0.0099970351,50025.09
2026-01-28T14:39:21+00:00,999.469251,488.881748,0.0102196621,49961.29
2026-01-28T14:39:22+00:00,999.573389,477.757633,0.0104422714,49971.48
2026-01-28T14:39:22+00:00,1000.385276,488.899056,0.0102196621,50049.23
2026-01-28T14:39:26+00:00,999.867139,477.76787,0.0104422924,49998.53
2026-01-28T14:39:26+00:00,999.772323,488.897034,0.0102196621,49989.45
2026-01-28T14:39:26+00:00,1000.212075,477.759747,0.0104422633,50032.48
2026-01-28T14:39:26+00:00,999.971276,488.891901,0.0102196621,50009.42
2026-01-28T14:39:27+00:00,999.741027,477.766108,0.0104422363,49986.89
2026-01-28T14:39:27+00:00,1000.229933,488.902322,0.0102196621,50033.71
2026-01-28T14:39:27+00:00,1000.06744,477.770882,0.0104422116,50017.81
2026-01-28T14:39:27+00:00,999.890653,488.898554,0.0102196621,50000.88
2026-01-28T14:39:30+00:00,999.765871,477.77632,0.0104421572,49988.67
2026-01-28T14:39:30+00:00,999.723476,488.897651,0.0102196621,49984.61
2026-01-28T14:39:33+00:00,999.839061,477.77211,0.0104421911,49995.92
2026-01-28T14:39:33+00:00,999.526943,488.890999,0.0102196621,49966.03
2026-01-28T14:39:40+00:00,999.451931,477.769491,0.0104422762,49958.69
2026-01-28T14:39:40+00:00,999.507693,488.892188,0.0102196621,49964.03
2026-01-28T14:39:54+00:00,999.662316,477.761625,0.0104423662,49979.16
2026-01-28T14:39:54+00:00,999.807674,488.895288,0.0102196621,49993.08
2026-01-28T14:39:56+00:00,999.388157,477.772069,0.0104423401,49952.03
2026-01-28T14:39:56+00:00,999.562753,488.899011,0.0102196621,49968.75
2026-01-28T14:40:01+00:00,1000.159172,477.754005,0.0104424415,50027.11
2026-01-28T14:40:02+00:00,999.40126,466.626476,0.0106651946,49954.53
2026-01-28T14:40:02+00:00,999.88322,477.764071,0.0104424415,49999.72
2026-01-28T14:40:02+00:00,999.865572,466.627752,0.0106651766,49998.03
2026-01-28T14:40:02+00:00,999.851494,477.763777,0.0104424415,49996.71
2026-01-28T14:40:03+00:00,999.479639,466.636583,0.0106651586,49961.1
2026-01-28T14:40:03+00:00,999.817085,477.770824,0.0104424415,49992.74
2026-01-28T14:40:03+00:00,999.948451,466.63453,0.0106651436,50005.32
2026-01-28T14:40:03+00:00,999.409861,477.759577,0.0104424415,49954.82
2026-01-28T14:40:04+00:00,999.628108,466.630968,0.0106651218,49975.72
2026-01-28T14:40:04+00:00,999.446694,477.755789,0.0104424415,49958.71
2026-01-28T14:40:10+00:00,999.608343,466.621988,0.0106652325,49974.19
2026-01-28T14:40:10+00:00,999.805117,477.7599,0.0104424415,49992.64
2026-01-28T14:40:12+00:00,999.815768,466.622037,0.010665227,49993.66
2026-01-28T14:40:12+00:00,999.860669,477.760838,0.0104424415,49997.87
2026-01-28T14:40:13+00:00,999.855761,466.623424,0.0106652013,49997.4
2026-01-28T14:40:14+00:00,1000.378462,455.47723,0.0108879185,50046.41
2026-01-28T14:40:14+00:00,999.645379,444.347131,0.0111106136,49979.08
2026-01-28T14:40:14+00:00,999.804371,455.483652,0.0108878538,49993.39
2026-01-28T14:40:14+00:00,999.937639,466.620763,0.0106651366,50005.63
2026-01-28T14:40:14+00:00,1000.261219,477.763531,0.0104424415,50035.97
2026-01-28T14:40:14+00:00,999.472293,466.634376,0.0106652009,49960.42
2026-01-28T14:40:14+00:00,999.674611,477.767757,0.0104424415,49979.39
2026-01-28T14:40:16+00:00,999.556612,466.635594,0.0106652269,49968.09
2026-01-28T14:40:17+00:00,999.803725,477.772919,0.0104424415,49991.26
2026-01-28T14:40:20+00:00,999.681966,466.639482,0.0106652011,49979.6
2026-01-28T14:40:20+00:00,999.82808,455.503311,0.0108879543,49993.3
2026-01-28T14:40:20+00:00,1000.310089,466.649661,0.0106651947,50037.57
2026-01-28T14:40:20+00:00,999.541449,477.77964,0.0104424415,49965.5
2026-01-28T14:40:21+00:00,1000.101477,466.63811,0.0106651868,50019.13
2026-01-28T14:40:21+00:00,1000.122914,477.780087,0.0104424415,50021.14
2026-01-28T14:40:23+00:00,1000.122914,466.633526,0.0106652785,50021.14
2026-01-28T14:40:24+00:00,1000.333766,477.784493,0.0104424415,50040.91
2026-01-28T14:40:24+00:00,1000.163241,466.636786,0.010665286,50024.58
2026-01-28T14:40:24+00:00,1000.201956,477.785302,0.0104424415,50028.21
2026-01-28T14:40:25+00:00,1000.258763,466.636816,0.0106652612,50033.65
2026-01-28T14:40:25+00:00,999.517101,477.769807,0.0104424415,49964.11
2026-01-28T14:40:26+00:00,999.647318,466.6351,0.01066524,49976.58
2026-01-28T14:40:26+00:00,1000.10411,455.492042,0.0108880146,50019.41
2026-01-28T14:40:26+00:00,1000.207655,466.63841,0.0106652161,50028.92
2026-01-28T14:40:26+00:00,999.613176,477.771169,0.0104424415,49973.18
2026-01-28T14:40:27+00:00,999.914754,466.633547,0.0106651847,50002.06
2026-01-28T14:40:28+00:00,999.365604,455.506694,0.010887942,49950.57
2026-01-28T14:40:28+00:00,999.501812,466.636334,0.0106651847,49963.08
2026-01-28T14:40:31+00:00,999.363804,455.510244,0.0108879286,49950.14
2026-01-28T14:40:31+00:00,1000.136412,466.65214,0.0106651847,50021.1
2026-01-28T14:40:34+00:00,999.604006,455.52128,0.0108879303,49971.18
2026-01-28T14:40:34+00:00,999.529314,466.650612,0.0106651847,49964.32
2026-01-28T14:40:39+00:00,1000.407592,455.502375,0.0108879415,50046.67
2026-01-28T14:40:39+00:00,1000.227941,466.646936,0.0106651847,50030.17
2026-01-28T14:40:39+00:00,1000.21461,455.503178,0.0108879311,50028.92
2026-01-28T14:40:40+00:00,1000.30302,444.358497,0.0111106597,50037.04
2026-01-28T14:40:40+00:00,999.957034,455.496243,0.0108879311,50005.9
2026-01-28T14:40:44+00:00,999.530445,444.366569,0.0111106728,49966.72
2026-01-28T14:40:45+00:00,999.771435,455.501074,0.0108879311,49988.41
2026-01-28T14:40:45+00:00,999.808237,444.366843,0.0111106522,49991.79
2026-01-28T14:40:45+00:00,1000.420767,455.513352,0.0108879311,50046.92
2026-01-28T14:40:47+00:00,999.760958,444.381422,0.0111106306,49986.32
2026-01-28T14:40:47+00:00,999.54719,455.509068,0.0108879311,49967.08
2026-01-28T14:40:47+00:00,1000.327854,444.364203,0.0111106556,50038.78
2026-01-28T14:40:47+00:00,1000.157861,455.50566,0.0108879311,50023.48
2026-01-28T14:40:48+00:00,1000.191396,444.366258,0.0111106008,50026.56
2026-01-28T14:40:51+00:00,999.63731,433.234355,0.0113333427,49976.69
2026-01-28T14:41:00+00:00,1000.340544,422.081652,0.0115562241,50038.74
2026-01-28T14:41:00+00:00,1000.195051,433.231549,0.0113333427,50026.15
2026-01-28T14:41:00+00:00,999.389817,422.09791,0.0115562156,49955.1
2026-01-28T14:41:01+00:00,1000.224639,433.247649,0.0113333427,50027.34
2026-01-28T14:41:01+00:00,999.466325,422.113437,0.0115562033,49960.43
2026-01-28T14:41:02+00:00,1000.27653,410.964181,0.0117790523,50030.54
2026-01-28T14:41:02+00:00,1000.389962,422.116164,0.0115561917,50040.17
2026-01-28T14:41:02+00:00,1000.498013,433.26965,0.0113333427,50049.52
2026-01-28T14:41:06+00:00,1000.055672,422.122662,0.0115562357,50010.49
2026-01-28T14:41:06+00:00,1000.359717,433.275514,0.0113333427,50036.8
2026-01-28T14:41:06+00:00,1000.084543,422.129755,0.0115562021,50012.52
2026-01-28T14:41:06+00:00,999.535739,433.26493,0.0113333427,49965.03
2026-01-28T14:41:10+00:00,999.847293,422.123863,0.0115561974,49992.52
2026-01-28T14:41:10+00:00,999.876877,433.265501,0.0113333427,49995.08
2026-01-28T14:41:17+00:00,1000.097424,422.1175,0.0115562379,50014.54
2026-01-28T14:41:17+00:00,1000.20351,433.267547,0.0113333427,50023.72
2026-01-28T14:41:21+00:00,999.92845,422.11829,0.0115563303,49999.45
2026-01-28T14:41:21+00:00,999.851022,433.266053,0.0113333427,49992.75
2026-01-28T14:41:21+00:00,1000.126422,422.114291,0.0115563019,50017.05
2026-01-28T14:41:21+00:00,999.362666,433.251318,0.0113333427,49950.96
2026-01-28T14:41:21+00:00,1000.19782,422.099024,0.0115562787,50024.65
2026-01-28T14:41:22+00:00,999.391654,433.235766,0.0113333427,49954.89
2026-01-28T14:41:29+00:00,999.894968,422.088711,0.0115562869,49999.3
2026-01-28T14:41:29+00:00,1000.085647,433.239444,0.0113333427,50015.8
2026-01-28T14:41:35+00:00,999.744627,422.098689,0.0115562215,49985.71
2026-01-28T14:41:35+00:00,999.414119,433.23307,0.0113333427,49957.11
2026-01-28T14:41:35+00:00,1000.392413,422.080064,0.0115562092,50043.43
2026-01-28T14:41:35+00:00,999.36911,433.213335,0.0113333427,49954.88
2026-01-28T14:41:36+00:00,1000.240305,422.060555,0.0115562568,50031.75
2026-01-28T14:41:36+00:00,999.642268,433.201799,0.0113333427,49980.0
2026-01-28T14:41:37+00:00,1000.257895,422.050865,0.0115562084,50034.32
2026-01-28T14:41:37+00:00,999.993027,433.196691,0.0113333427,50011.4
2026-01-28T14:41:45+00:00,999.68612,422.048935,0.0115563678,49984.32
2026-01-28T14:41:46+00:00,1000.280811,433.208168,0.0113333427,50035.78
2026-01-28T14:41:51+00:00,999.60523,422.060751,0.0115563974,49976.17
2026-01-28T14:41:51+00:00,999.574606,433.207577,0.0113333427,49973.52
2026-01-28T14:41:55+00:00,999.457986,422.0632,0.0115563943,49963.23
2026-01-28T14:41:55+00:00,999.377784,433.206029,0.0113333427,49956.29
2026-01-28T14:41:58+00:00,1000.423399,422.042439,0.0115563979,50048.55
2026-01-28T14:41:58+00:00,999.484326,410.8976,0.0117794406,49967.29
2026-01-28T14:41:58+00:00,1000.454598,399.735487,0.0120024614,50049.66
2026-01-28T14:41:58+00:00,999.874639,388.58669,0.0122254314,50001.34
2026-01-28T14:41:58+00:00,999.693336,399.736441,0.0120023761,49986.51
2026-01-28T14:41:59+00:00,999.447528,388.595443,0.0122253476,49966.03
2026-01-28T14:41:59+00:00,1000.345479,399.755286,0.0120023268,50039.48
2026-01-28T14:41:59+00:00,999.581531,410.898395,0.0117793569,49975.83
2026-01-28T14:41:59+00:00,1000.100765,422.051407,0.0115563854,50019.91
2026-01-28T14:42:01+00:00,999.983468,410.899534,0.0117793793,50009.76
2026-01-28T14:42:01+00:00,1000.366298,422.058654,0.0115563854,50042.26
2026-01-28T14:42:05+00:00,999.386663,410.917712,0.0117793939,49957.49
2026-01-28T14:42:05+00:00,1000.049372,422.071201,0.0115563854,50013.75
2026-01-28T14:42:07+00:00,1000.168402,410.916017,0.0117793818,50024.05
2026-01-28T14:42:07+00:00,999.455396,422.057703,0.0115563854,49963.52
2026-01-28T14:42:12+00:00,1000.132254,410.905036,0.0117793402,50022.09
2026-01-28T14:42:13+00:00,999.874404,399.757996,0.0120022802,50000.2
2026-01-28T14:42:13+00:00,999.85232,388.612389,0.0122251996,49998.36
2026-01-28T14:42:13+00:00,999.714664,399.757255,0.0120022448,49987.1
2026-01-28T14:42:13+00:00,999.52971,410.897939,0.0117793049,49971.69
2026-01-28T14:42:13+00:00,999.478941,422.036639,0.0115563854,49967.38
2026-01-28T14:42:13+00:00,1000.020704,410.887188,0.0117793109,50014.26
2026-01-28T14:42:13+00:00,1000.008689,422.036412,0.0115563854,50013.24
2026-01-28T14:42:13+00:00,999.589539,410.895869,0.0117792989,49976.97
2026-01-28T14:42:14+00:00,999.994629,422.044078,0.0115563854,50011.36
2026-01-28T14:42:14+00:00,999.365037,410.903304,0.0117793932,49956.88
2026-01-28T14:42:15+00:00,999.765066,422.051651,0.0115563854,49990.84
2026-01-28T14:42:25+00:00,999.629163,410.901126,0.0117794893,49979.08
2026-01-28T14:42:25+00:00,999.977835,422.058255,0.0115563854,50008.68
2026-01-28T14:42:26+00:00,999.614618,410.910825,0.0117794355,49977.25
2026-01-28T14:42:26+00:00,1000.101109,422.067467,0.0115563854,50018.55
2026-01-28T14:42:26+00:00,999.571249,410.924498,0.0117793665,49972.7
2026-01-28T14:42:26+00:00,1000.311464,422.081479,0.0115563854,50035.54
2026-01-28T14:42:27+00:00,999.968124,410.93179,0.0117793532,50005.83
2026-01-28T14:42:27+00:00,1000.330928,422.088347,0.0115563854,50036.63
2026-01-28T14:42:28+00:00,1000.157235,410.937429,0.0117793075,50021.6
2026-01-28T14:42:28+00:00,999.39959,399.801658,0.0120022133,49957.28
2026-01-28T14:42:28+00:00,999.590546,410.941784,0.0117792913,49973.19
2026-01-28T14:42:29+00:00,1000.490601,399.78619,0.0120021821,50049.6
2026-01-28T14:42:29+00:00,1000.367219,410.939492,0.0117792913,50039.32
2026-01-28T14:42:31+00:00,1000.229754,399.785749,0.0120022429,50027.65
2026-01-28T14:42:35+00:00,1000.482882,388.629167,0.0122251572,50048.74
2026-01-28T14:42:35+00:00,999.421005,399.766387,0.0120022429,49961.88
2026-01-28T14:42:37+00:00,999.562631,388.625269,0.0122251826,49973.68
2026-01-28T14:42:37+00:00,999.946624,399.773389,0.0120022429,50005.09
2026-01-28T14:42:40+00:00,1000.093652,388.622186,0.0122251896,50017.34
2026-01-28T14:42:40+00:00,1000.282897,399.776841,0.0120022429,50032.82
2026-01-28T14:42:41+00:00,1000.065777,388.627701,0.01222516,50014.73
2026-01-28T14:42:41+00:00,1000.480332,399.7844,0.0120022429,50048.64
2026-01-28T14:42:43+00:00,999.484386,388.645208,0.0122251798,49965.66
2026-01-28T14:42:43+00:00,999.972537,399.793302,0.0120022429,50005.59
2026-01-28T14:42:46+00:00,999.545138,388.655634,0.01222513,49969.98
2026-01-28T14:42:47+00:00,999.684015,377.515945,0.012448007,49981.34
2026-01-28T14:42:47+00:00,999.356881,388.650287,0.0122251198,49955.06
2026-01-28T14:42:47+00:00,1000.322544,399.801724,0.0120022429,50034.05
2026-01-28T14:42:47+00:00,999.786043,388.660909,0.0122251066,49989.35
2026-01-28T14:42:47+00:00,1000.287517,399.810866,0.0120022429,50030.37
2026-01-28T14:42:48+00:00,999.913767,388.670113,0.0122250613,49999.23
2026-01-28T14:42:48+00:00,999.961201,399.81173,0.0120022429,50003.11
2026-01-28T14:43:00+00:00,999.586731,388.675821,0.0122250862,49971.91
2026-01-28T14:43:01+00:00,999.662648,399.813114,0.0120022429,49978.12
2026-01-28T14:43:10+00:00,999.82972,388.665091,0.0122252388,49992.04
2026-01-28T14:43:10+00:00,1000.049407,399.817122,0.0120022429,50010.01
2026-01-28T14:43:11+00:00,999.712264,388.671608,0.0122252338,49981.92
2026-01-28T14:43:11+00:00,999.812389,399.818948,0.0120022429,49990.11
2026-01-28T14:43:14+00:00,999.600549,388.678707,0.0122251705,49972.46
2026-01-28T14:43:15+00:00,999.975617,399.825787,0.0120022429,50003.14
2026-01-28T14:43:27+00:00,1000.392695,388.669867,0.0122251923,50037.89
2026-01-28T14:43:27+00:00,999.341451,399.806616,0.0120022429,49951.9
2026-01-28T14:43:32+00:00,1000.011536,388.660696,0.0122251268,50007.73
2026-01-28T14:43:32+00:00,999.365194,377.527703,0.0124479879,49954.86
2026-01-28T14:43:32+00:00,1000.279125,388.678203,0.0122251039,50028.28
2026-01-28T14:43:33+00:00,1000.067631,399.823703,0.0120022429,50010.98
2026-01-28T14:43:33+00:00,1000.043266,388.67482,0.0122251806,50008.95
2026-01-28T14:43:33+00:00,1000.208062,399.826708,0.0120022429,50022.43
2026-01-28T14:43:34+00:00,999.549619,388.687494,0.0122251717,49967.57
2026-01-28T14:43:34+00:00,1000.556239,399.845064,0.0120022429,50049.91
2026-01-28T14:43:43+00:00,1000.049625,388.692334,0.0122252631,50007.7
2026-01-28T14:43:43+00:00,999.36611,399.832595,0.0120022429,49951.79
2026-01-28T14:43:50+00:00,1000.404904,388.671381,0.0122252961,50038.34
2026-01-28T14:43:50+00:00,999.737525,399.820419,0.0120022429,49983.75
2026-01-28T14:44:00+00:00,1000.282787,388.661331,0.0122252944,50029.18
2026-01-28T14:44:00+00:00,999.481297,399.805795,0.0120022429,49963.62
2026-01-28T14:44:07+00:00,999.970748,388.650149,0.0122253362,50004.4
2026-01-28T14:44:07+00:00,1000.315625,399.812089,0.0120022429,50032.61
2026-01-28T14:44:07+00:00,999.817892,388.660682,0.0122253105,49991.14
2026-01-28T14:44:07+00:00,1000.020832,399.815792,0.0120022429,50007.74
2026-01-28T14:44:16+00:00,999.513498,388.670903,0.0122252947,49965.47
2026-01-28T14:44:16+00:00,1000.009722,399.824846,0.0120022429,50006.06
2026-01-28T14:44:25+00:00,999.359441,388.6832,0.0122252904,49951.88
2026-01-28T14:44:25+00:00,1000.437345,399.844512,0.0120022429,50040.05
2026-01-28T14:44:27+00:00,1000.177736,388.68705,0.0122253099,50018.42
2026-01-28T14:44:34+00:00,1000.537038,377.524717,0.0124483433,50047.81
2026-01-28T14:44:34+00:00,1000.540399,388.68711,0.0122253099,50048.08
2026-01-28T14:44:35+00:00,1000.250048,377.531452,0.0124483146,50024.33
2026-01-28T14:44:35+00:00,999.676056,388.676828,0.0122253099,49978.22
2026-01-28T14:44:48+00:00,1000.520214,377.516888,0.0124482979,50047.27
2026-01-28T14:44:48+00:00,999.514516,366.3764,0.0126712571,49966.48
2026-01-28T14:44:48+00:00,1000.092959,377.528504,0.0124482691,50012.13
2026-01-28T14:44:48+00:00,999.613078,388.670575,0.0122253099,49973.58
2026-01-28T14:44:51+00:00,1000.019569,377.521041,0.0124482701,50006.83
2026-01-28T14:44:51+00:00,1000.168077,388.673235,0.0122253099,50018.76
2026-01-28T14:44:53+00:00,1000.034699,377.524193,0.0124482557,50007.85
2026-01-28T14:44:53+00:00,1000.219805,388.67655,0.0122253099,50022.72
2026-01-28T14:45:02+00:00,1000.371643,377.523021,0.0124482238,50035.14
2026-01-28T14:45:03+00:00,999.888154,388.667892,0.0122253099,49996.3
2026-01-28T14:45:05+00:00,1000.402595,377.512551,0.0124482456,50038.38
2026-01-28T14:45:05+00:00,1000.333632,388.666657,0.0122253099,50032.84
2026-01-28T14:45:26+00:00,999.963572,377.518274,0.0124482661,50002.57
2026-01-28T14:45:26+00:00,999.951621,366.371214,0.0126712001,50001.61
2026-01-28T14:45:26+00:00,999.908159,377.51751,0.0124482661,49998.18
2026-01-28T14:45:30+00:00,999.916624,366.375126,0.0126711189,49998.86
2026-01-28T14:45:34+00:00,1000.04853,355.229099,0.0128939981,50009.27
2026-01-28T14:45:34+00:00,999.827398,366.371304,0.0126711189,49992.12
2026-01-28T14:45:36+00:00,1000.190806,355.224246,0.0128939673,50020.8
2026-01-28T14:45:36+00:00,1000.091007,366.369579,0.0126711189,50013.06
2026-01-28T14:45:41+00:00,1000.21531,355.216388,0.0128940807,50022.87
2026-01-28T14:45:41+00:00,1000.030022,366.366375,0.0126711189,50008.5
2026-01-28T14:45:49+00:00,1000.427769,355.208973,0.012894089,50039.89
2026-01-28T14:45:49+00:00,999.650126,366.352928,0.0126711189,49979.58
2026-01-28T14:45:50+00:00,999.721718,355.211773,0.0128940078,49985.23
2026-01-28T14:45:51+00:00,1000.239155,366.361872,0.0126711189,50025.36
2026-01-28T14:45:52+00:00,999.738772,355.218923,0.0128940408,49985.87
2026-01-28T14:45:53+00:00,1000.225651,366.37029,0.0126711189,50023.63
2026-01-28T14:45:59+00:00,999.797241,355.227901,0.012894012,49989.82
2026-01-28T14:45:59+00:00,999.600349,366.366886,0.0126711189,49974.55
2026-01-28T14:46:08+00:00,999.638742,355.219628,0.012894164,49977.58
2026-01-28T14:46:08+00:00,1000.377449,366.379664,0.0126711189,50034.87
2026-01-28T14:46:22+00:00,1000.174204,355.221112,0.0128942059,50018.83
2026-01-28T14:46:23+00:00,1000.216884,366.380403,0.0126711189,50022.14
2026-01-28T14:46:23+00:00,999.794556,355.229362,0.0128941896,49988.81
2026-01-28T14:46:23+00:00,1000.208201,366.387559,0.0126711189,50020.89
2026-01-28T14:46:27+00:00,999.930197,355.235216,0.0128941704,49998.95
2026-01-28T14:46:27+00:00,1000.47201,366.396932,0.0126711189,50040.97
2026-01-28T14:46:30+00:00,999.841749,355.24425,0.0128942116,49991.23
2026-01-28T14:46:32+00:00,1000.381242,344.083435,0.0131172804,50033.07
2026-01-28T14:46:33+00:00,999.572956,355.230505,0.0128942116,49971.45
2026-01-28T14:46:33+00:00,1000.308442,344.071143,0.0131172717,50028.49
2026-01-28T14:46:33+00:00,999.419484,355.215388,0.0128942116,49960.72
2026-01-28T14:46:38+00:00,1000.449087,344.051113,0.0131173161,50040.57
2026-01-28T14:46:38+00:00,999.388814,355.197355,0.0128942116,49959.74
2026-01-28T14:46:51+00:00,1000.141578,344.030555,0.0131174667,50018.12
2026-01-28T14:46:51+00:00,999.593924,355.188034,0.0128942116,49976.37
2026-01-28T14:47:05+00:00,999.817381,344.022544,0.0131175496,49993.7
2026-01-28T14:47:05+00:00,999.881919,355.189133,0.0128942116,49998.62
2026-01-28T14:47:09+00:00,999.582258,344.028411,0.013117536,49975.38
2026-01-28T14:47:09+00:00,999.683131,355.19085,0.0128942116,49983.07
2026-01-28T14:47:13+00:00,1000.370909,344.016635,0.0131175333,50036.41
2026-01-28T14:47:13+00:00,1000.492377,355.192918,0.0128942116,50045.67
2026-01-28T14:47:24+00:00,1000.45666,344.014498,0.0131175883,50042.9
2026-01-28T14:47:24+00:00,999.31884,355.173542,0.0128942116,49956.16
2026-01-28T14:47:32+00:00,1000.501497,343.989828,0.0131176719,50047.88
2026-01-28T14:47:32+00:00,1000.149682,355.167549,0.0128942116,50021.06
2026-01-28T14:47:34+00:00,999.370484,344.004769,0.0131176431,49960.63
2026-01-28T14:47:34+00:00,999.519632,355.170089,0.0128942116,49972.0
2026-01-28T14:47:39+00:00,999.978666,343.991703,0.0131177454,50007.6
2026-01-28T14:47:39+00:00,999.472452,355.161463,0.0128942116,49969.01
2026-01-28T14:47:41+00:00,999.76038,343.988254,0.0131177145,49991.34
2026-01-28T14:47:41+00:00,999.828854,355.16263,0.0128942116,49996.56
2026-01-28T14:47:46+00:00,999.35035,343.996549,0.0131177145,49959.45
2026-01-28T14:47:47+00:00,1000.230155,355.17762,0.0128942116,50026.52
2026-01-28T14:48:00+00:00,999.594342,344.007218,0.0131177215,49977.21
2026-01-28T14:48:00+00:00,999.826132,355.18157,0.0128942116,49994.88
2026-01-28T14:48:10+00:00,1000.452017,343.993596,0.0131177769,50043.42
2026-01-28T14:48:11+00:00,999.792717,355.170333,0.0128942116,49993.16
2026-01-28T14:48:11+00:00,1000.454577,343.983954,0.0131177403,50044.49
2026-01-28T14:48:11+00:00,999.268078,355.150115,0.0128942116,49954.04
2026-01-28T14:48:16+00:00,1000.052948,343.969344,0.0131177604,50014.91
2026-01-28T14:48:16+00:00,999.915999,355.147781,0.0128942116,50004.47
2026-01-28T14:48:18+00:00,1000.009224,343.968605,0.0131177428,50011.7
2026-01-28T14:48:18+00:00,999.376424,355.136998,0.0128942116,49963.46
2026-01-28T14:48:23+00:00,1000.385912,343.952032,0.0131177243,50041.75
2026-01-28T14:48:23+00:00,999.928628,355.129206,0.0128942116,50006.89
2026-01-28T14:48:24+00:00,999.698724,343.952964,0.0131177854,49989.06
2026-01-28T14:48:24+00:00,999.288925,355.122222,0.0128942116,49957.82
2026-01-28T14:48:28+00:00,999.882832,343.94519,0.0131177349,50003.88
2026-01-28T14:48:28+00:00,1000.31047,355.129509,0.0128942116,50036.48
2026-01-28T14:48:31+00:00,999.69129,343.956144,0.0131177305,49988.46
2026-01-28T14:48:31+00:00,999.825091,355.131789,0.0128942116,49998.66
2026-01-28T14:48:32+00:00,999.329953,343.964715,0.0131177307,49960.26
2026-01-28T14:48:32+00:00,1000.033064,355.143769,0.0128942116,50013.86
2026-01-28T14:48:35+00:00,1000.184442,343.962125,0.0131177301,50025.6
2026-01-28T14:48:35+00:00,999.72296,355.135906,0.0128942116,49990.42
2026-01-28T14:48:40+00:00,1000.430465,343.950915,0.013117709,50045.29
2026-01-28T14:48:40+00:00,999.264432,355.116039,0.0128942116,49956.4
2026-01-28T14:48:43+00:00,1000.228532,343.935506,0.013117683,50031.17
2026-01-28T14:48:43+00:00,999.750262,355.107892,0.0128942116,49994.71
2026-01-28T14:48:54+00:00,999.470844,343.937282,0.0131177443,49973.04
2026-01-28T14:48:55+00:00,999.509804,332.768438,0.0133412284,49976.01
2026-01-28T14:48:55+00:00,1000.248107,343.94965,0.0131177443,50031.35
2026-01-28T14:49:01+00:00,1000.126244,332.772943,0.0133411799,50022.06
2026-01-28T14:49:01+00:00,999.972019,343.947067,0.0131177443,50010.5
2026-01-28T14:49:03+00:00,999.955098,332.775739,0.0133411297,50009.21
2026-01-28T14:49:04+00:00,1000.439247,343.955173,0.0131177443,50045.5
2026-01-28T14:49:07+00:00,999.52822,332.792105,0.0133411127,49976.05
2026-01-28T14:49:07+00:00,999.771428,343.959245,0.0131177443,49994.28
2026-01-28T14:49:12+00:00,1000.076416,332.787578,0.0133410994,50017.53
2026-01-28T14:49:16+00:00,1000.369386,321.612759,0.0135644194,50039.49
2026-01-28T14:49:17+00:00,999.923931,332.780245,0.0133410994,50006.65
2026-01-28T14:49:20+00:00,999.453257,321.623254,0.013564367,49971.37
2026-01-28T14:49:20+00:00,999.684665,332.784054,0.0133410994,49988.43
2026-01-28T14:49:32+00:00,999.740564,321.622055,0.0135643723,49992.62
2026-01-28T14:49:33+00:00,999.945793,332.787432,0.0133410994,50007.75
2026-01-28T14:49:37+00:00,999.541958,321.631869,0.0135643112,49977.48
2026-01-28T14:49:37+00:00,999.69537,332.789956,0.0133410994,49988.79
2026-01-28T14:49:38+00:00,1000.378702,321.623215,0.0135642556,50040.01
2026-01-28T14:49:39+00:00,1000.511903,332.792148,0.0133410994,50049.83
2026-01-28T14:49:39+00:00,999.253703,321.645451,0.0135642318,49955.52
2026-01-28T14:49:40+00:00,1000.411953,332.811201,0.0133410994,50040.91
2026-01-28T14:49:40+00:00,1000.429697,321.649714,0.0135641407,50042.24
2026-01-28T14:49:40+00:00,999.524562,332.796317,0.0133410994,49975.51
2026-01-28T14:49:49+00:00,999.870096,321.641951,0.0135641804,50001.41
2026-01-28T14:49:49+00:00,1000.456204,332.805957,0.0133410994,50044.62
2026-01-28T14:49:50+00:00,1000.366419,321.644092,0.0135641676,50037.89
2026-01-28T14:49:50+00:00,1000.435461,332.807092,0.0133410994,50042.98
2026-01-28T14:50:01+00:00,999.254773,321.659251,0.0135642593,49954.48
2026-01-28T14:50:01+00:00,999.343619,332.808554,0.0133410994,49961.03
2026-01-28T14:50:02+00:00,1000.294039,321.644666,0.0135642331,50032.27
2026-01-28T14:50:03+00:00,999.414941,332.794092,0.0133410994,49967.46
2026-01-28T14:50:05+00:00,999.599448,321.642218,0.0135642203,49981.29
2026-01-28T14:50:05+00:00,1000.269657,332.805117,0.0133410994,50030.7
2026-01-28T14:50:07+00:00,999.287485,321.65945,0.0135642042,49957.08
2026-01-28T14:50:07+00:00,1000.18747,332.81992,0.0133410994,50023.43
2026-01-28T14:50:08+00:00,1000.540609,321.655005,0.013564175,50049.9
2026-01-28T14:50:09+00:00,1000.31585,332.816224,0.0133410994,50033.33
2026-01-28T14:50:25+00:00,1000.408971,321.650261,0.0135642387,50040.31
2026-01-28T14:50:25+00:00,999.373613,332.799191,0.0133410994,49963.98
2026-01-28T14:50:26+00:00,999.598677,321.64776,0.0135642134,49980.85
2026-01-28T14:50:26+00:00,999.817197,332.802786,0.0133410994,49996.96
2026-01-28T14:50:30+00:00,999.384278,321.654583,0.0135642218,49964.51
2026-01-28T14:50:30+00:00,999.441655,332.803729,0.0133410994,49968.74
2026-01-28T14:50:39+00:00,999.562258,321.648926,0.0135642946,49977.78
2026-01-28T14:50:40+00:00,999.532552,332.803241,0.0133410994,49975.59
2026-01-28T14:50:46+00:00,999.245719,321.655263,0.0135642638,49954.09
2026-01-28T14:50:47+00:00,999.66594,332.810154,0.0133410994,49985.07
2026-01-28T14:50:47+00:00,1000.192646,321.647551,0.0135642419,50024.55
2026-01-28T14:50:47+00:00,1000.30957,332.812078,0.0133410994,50033.17
2026-01-28T14:50:56+00:00,999.960834,321.649879,0.013564312,50007.03
2026-01-28T14:50:56+00:00,1000.133236,332.814915,0.0133410994,50019.74
2026-01-28T14:51:00+00:00,999.56784,321.664029,0.0135642181,49977.36
2026-01-28T14:51:00+00:00,1000.077719,332.823302,0.0133410994,50014.95
2026-01-28T14:51:01+00:00,999.582097,321.673134,0.0135642018,49977.8
2026-01-28T14:51:01+00:00,999.580741,332.82328,0.0133410994,49977.7
2026-01-28T14:51:03+00:00,999.468943,321.673213,0.0135642376,49969.32
2026-01-28T14:51:04+00:00,999.281485,332.820196,0.0133410994,49955.5
2026-01-28T14:51:15+00:00,999.964549,321.659181,0.0135642898,50006.7
2026-01-28T14:51:16+00:00,1000.09653,332.822367,0.0133410994,50016.43
2026-01-28T14:51:23+00:00,999.529933,321.671424,0.0135642344,49973.96
2026-01-28T14:51:24+00:00,999.32769,332.819041,0.0133410994,49959.05
2026-01-28T14:51:26+00:00,999.312748,321.67323,0.0135642033,49957.93
2026-01-28T14:51:26+00:00,1000.5574,332.839513,0.0133410994,50049.69
2026-01-28T14:51:28+00:00,1000.215734,321.679204,0.0135641981,50024.08
2026-01-28T14:51:29+00:00,999.988263,332.835771,0.0133410994,50007.31
2026-01-28T14:51:30+00:00,999.761597,321.684201,0.0135641739,49990.32
2026-01-28T14:51:30+00:00,1000.253706,332.843864,0.0133410994,50026.6
2026-01-28T14:51:35+00:00,999.767823,321.692366,0.0135641731,49990.18
2026-01-28T14:51:35+00:00,1000.103943,332.849392,0.0133410994,50014.96
2026-01-28T14:51:43+00:00,1000.128624,321.688097,0.0135642502,50016.81
2026-01-28T14:51:43+00:00,999.6064,332.840801,0.0133410994,49978.31
2026-01-28T14:51:44+00:00,1000.008768,321.683713,0.0135642033,50008.47
2026-01-28T14:51:44+00:00,999.72826,332.836187,0.0133410994,49987.79
2026-01-28T14:51:44+00:00,999.856335,321.68341,0.0135641665,49997.39
2026-01-28T14:51:44+00:00,999.449003,332.829488,0.0133410994,49967.36
2026-01-28T14:51:44+00:00,1000.324979,321.670122,0.0135641394,50033.02
2026-01-28T14:51:45+00:00,999.61042,332.817739,0.0133410994,49980.34
2026-01-28T14:51:45+00:00,999.502224,321.674062,0.0135640967,49972.23
2026-01-28T14:51:45+00:00,999.33525,332.814993,0.0133410994,49959.92
2026-01-28T14:51:50+00:00,1000.08502,321.662484,0.0135640777,50016.12
2026-01-28T14:51:50+00:00,999.600782,332.807033,0.0133410994,49980.42
2026-01-28T14:51:52+00:00,999.67616,321.659441,0.0135641133,49986.07
2026-01-28T14:51:52+00:00,1000.4093,332.819087,0.0133410994,50040.12
2026-01-28T14:52:00+00:00,999.371096,321.678343,0.0135640824,49962.3
2026-01-28T14:52:00+00:00,999.572386,332.822396,0.0133410994,49977.14
2026-01-28T14:52:06+00:00,999.925392,321.670027,0.0135641307,50003.6
2026-01-28T14:52:12+00:00,999.98833,310.511479,0.0137872649,50008.24
2026-01-28T14:52:12+00:00,999.269599,321.658395,0.0135641307,49956.11
2026-01-28T14:52:13+00:00,999.69063,310.505535,0.0137872452,49987.15
2026-01-28T14:52:13+00:00,999.869037,321.661282,0.0135641307,50000.09
2026-01-28T14:52:14+00:00,1000.146966,310.501814,0.0137872282,50020.58
2026-01-28T14:52:14+00:00,1000.273257,321.663325,0.0135641307,50029.74
2026-01-28T14:52:16+00:00,999.253913,310.520924,0.0137871813,49954.59
2026-01-28T14:52:16+00:00,1000.133397,321.677554,0.0135641307,50018.38
2026-01-28T14:52:20+00:00,1000.171105,310.52367,0.013787114,50021.16
2026-01-28T14:52:20+00:00,999.767694,321.671029,0.0135641307,49991.9
2026-01-28T14:52:20+00:00,1000.550209,310.51108,0.0137871085,50049.59
2026-01-28T14:52:20+00:00,1000.095648,321.663678,0.0135641307,50016.62
2026-01-28T14:52:23+00:00,1000.214334,310.50681,0.0137871549,50025.37
2026-01-28T14:52:23+00:00,999.253507,321.648135,0.0135641307,49955.68
2026-01-28T14:52:47+00:00,999.255271,310.500506,0.0137872805,49955.81
2026-01-28T14:52:47+00:00,1000.442218,321.667346,0.0135641307,50041.9
2026-01-28T14:52:53+00:00,999.728337,310.512275,0.01378728,49989.27
2026-01-28T14:52:53+00:00,999.523734,321.664035,0.0135641307,49974.43
2026-01-28T14:53:00+00:00,999.772093,310.506475,0.0137873143,49992.74
2026-01-28T14:53:00+00:00,1000.26306,321.671982,0.0135641307,50028.35
2026-01-28T14:53:15+00:00,1000.465708,310.50335,0.0137873101,50043.29
2026-01-28T14:53:15+00:00,999.300404,321.653119,0.0135641307,49958.77
2026-01-28T14:53:32+00:00,999.692815,310.499583,0.0137872563,49987.7
2026-01-28T14:53:32+00:00,999.553288,321.650861,0.0135641307,49977.58
2026-01-28T14:53:50+00:00,999.215948,310.495087,0.0137874574,49952.71
2026-01-28T14:53:51+00:00,999.444819,321.654568,0.0135641307,49969.31
2026-01-28T14:53:51+00:00,999.478323,310.497564,0.0137873968,49971.78
2026-01-28T14:53:51+00:00,999.499555,321.654912,0.0135641307,49973.32
2026-01-28T14:53:54+00:00,999.477446,310.498531,0.0137873847,49971.69
2026-01-28T14:53:54+00:00,1000.024254,299.334017,0.0140106243,50011.35
2026-01-28T14:53:54+00:00,999.832728,310.496201,0.0137873703,49997.68
2026-01-28T14:54:15+00:00,999.377883,299.33766,0.0140106988,49964.69
2026-01-28T14:54:15+00:00,999.22965,310.493838,0.0137873703,49954.11
2026-01-28T14:54:17+00:00,999.634447,299.333461,0.0140106516,49983.47
2026-01-28T14:54:25+00:00,999.474445,288.184887,0.0142337478,49972.05
2026-01-28T14:54:25+00:00,999.503055,299.33391,0.0140106516,49974.06
2026-01-28T14:54:27+00:00,999.948314,288.179553,0.0142337127,50005.84
2026-01-28T14:54:28+00:00,999.310074,299.323908,0.0140106516,49961.0
2026-01-28T14:54:31+00:00,999.802829,288.174063,0.0142336656,49996.17
2026-01-28T14:54:31+00:00,1000.368332,299.332768,0.0140106516,50035.9
2026-01-28T14:54:34+00:00,999.943249,288.181826,0.0142336457,50005.56
2026-01-28T14:54:34+00:00,1000.151772,299.336035,0.0140106516,50020.21
2026-01-28T14:54:35+00:00,1000.173909,288.182903,0.0142336171,50021.79
2026-01-28T14:54:35+00:00,999.484859,299.325241,0.0140106516,49973.38
2026-01-28T14:54:37+00:00,999.563739,288.183719,0.0142335757,49979.01
2026-01-28T14:54:37+00:00,1000.523225,299.340269,0.0140106516,50046.42
2026-01-28T14:54:41+00:00,999.683146,288.197321,0.0142335709,49986.46
2026-01-28T14:54:41+00:00,1000.388419,299.351314,0.0140106516,50036.01
2026-01-28T14:54:42+00:00,1000.0474,288.204757,0.0142335308,50011.67
2026-01-28T14:54:42+00:00,1000.009539,299.350721,0.0140106516,50009.01
2026-01-28T14:54:42+00:00,999.759449,288.21063,0.0142334929,49991.16
2026-01-28T14:54:42+00:00,999.679172,299.349464,0.0140106516,49985.52
2026-01-28T14:54:46+00:00,999.266278,288.216726,0.0142335023,49956.05
2026-01-28T14:54:46+00:00,1000.451786,299.368026,0.0140106516,50039.34
2026-01-28T14:54:49+00:00,999.821587,288.229748,0.0142334423,49994.36
2026-01-28T14:54:49+00:00,1000.591332,299.380074,0.0140106516,50048.44
2026-01-28T14:54:53+00:00,999.715246,288.242811,0.0142334597,49985.91
2026-01-28T14:54:53+00:00,1000.425211,299.391188,0.0140106516,50035.79
2026-01-28T14:55:04+00:00,999.439982,288.25417,0.0142335459,49965.47
2026-01-28T14:55:05+00:00,999.974594,299.39956,0.0140106516,50003.03
2026-01-28T14:55:05+00:00,1000.030777,288.252466,0.0142335621,50007.04
2026-01-28T14:55:05+00:00,999.276113,299.387741,0.0140106516,49954.02
2026-01-28T14:55:05+00:00,1000.065333,288.240617,0.014233548,50010.35
2026-01-28T14:55:05+00:00,999.987191,299.386517,0.0140106516,50004.86
2026-01-28T14:55:12+00:00,1000.265302,288.234818,0.0142335754,50024.71
2026-01-28T14:55:12+00:00,999.29628,299.371341,0.0140106516,49956.63
2026-01-28T14:55:27+00:00,999.536283,288.2268,0.0142336595,49973.76
2026-01-28T14:55:27+00:00,1000.269886,299.382835,0.0140106516,50025.3
2026-01-28T14:55:30+00:00,1000.482147,288.224221,0.0142336435,50040.45
2026-01-28T14:55:30+00:00,1000.134704,299.377391,0.0140106516,50016.04
2026-01-28T14:55:39+00:00,999.462753,288.234287,0.0142336561,49968.08
2026-01-28T14:55:39+00:00,999.766215,299.382146,0.0140106516,49989.4
2026-01-28T14:56:07+00:00,999.685653,288.229798,0.0142337715,49983.65
2026-01-28T14:56:07+00:00,1000.148109,299.389395,0.0140106516,50016.14
2026-01-28T14:56:08+00:00,999.706073,288.238397,0.0142337404,49984.59
2026-01-28T14:56:08+00:00,999.758595,299.390218,0.0140106516,49988.28
2026-01-28T14:56:13+00:00,999.34444,288.244958,0.014233741,49958.72
2026-01-28T14:56:13+00:00,999.91137,299.399104,0.0140106516,49998.55
2026-01-28T14:56:15+00:00,999.683697,288.249106,0.0142337306,49982.3
2026-01-28T14:56:15+00:00,999.979616,299.403742,0.0140106516,50003.09
2026-01-28T14:56:26+00:00,999.480837,288.253495,0.0142338017,49967.49
2026-01-28T14:56:27+00:00,1000.540686,299.420357,0.0140106516,50041.95
2026-01-28T14:56:39+00:00,999.336891,288.272311,0.0142338088,49956.03
2026-01-28T14:56:39+00:00,999.370198,299.42088,0.0140106516,49958.37
2026-01-28T14:56:53+00:00,999.814756,288.260297,0.0142339075,49990.1
2026-01-28T14:56:53+00:00,1000.113241,299.425561,0.0140106516,50011.07
2026-01-28T14:56:58+00:00,999.403041,288.273749,0.0142338647,49960.38
2026-01-28T14:56:58+00:00,1000.295789,299.439561,0.0140106516,50023.1
2026-01-28T14:57:13+00:00,1000.52052,288.271427,0.0142338396,50039.14
2026-01-28T14:57:13+00:00,999.719155,299.426996,0.0140106516,49982.84
2026-01-28T14:57:14+00:00,999.72588,288.271735,0.0142338313,49983.32
2026-01-28T14:57:15+00:00,1000.614213,299.440924,0.0140106516,50045.73
2026-01-28T14:57:20+00:00,1000.125662,288.281885,0.014233784,50010.86
2026-01-28T14:57:20+00:00,999.653669,299.433525,0.0140106516,49977.7
2026-01-28T14:57:34+00:00,999.676647,288.283104,0.0142337523,49979.34
2026-01-28T14:57:34+00:00,1000.454521,299.445718,0.0140106516,50033.99
2026-01-28T14:57:36+00:00,999.550554,288.299087,0.0142337205,49969.47
2026-01-28T14:57:36+00:00,1000.054713,299.453619,0.0140106516,50004.89
2026-01-28T14:57:40+00:00,1000.366309,288.298523,0.0142336326,50027.13
2026-01-28T14:57:40+00:00,999.344192,299.437607,0.0140106516,49955.32
2026-01-28T14:57:51+00:00,999.818873,288.287806,0.0142336958,49989.2
2026-01-28T14:57:51+00:00,1000.589201,277.127771,0.0144567033,50043.32
2026-01-28T14:57:51+00:00,1000.387964,288.284702,0.0142336958,50029.4
2026-01-28T14:57:57+00:00,999.732929,277.136866,0.0144567267,49983.38
2026-01-28T14:57:58+00:00,1000.055169,288.289673,0.0142336958,50005.67
2026-01-28T14:58:29+00:00,1000.010618,277.126954,0.0144569389,50002.54
2026-01-28T14:58:29+00:00,999.920406,288.28828,0.0142336958,49996.3
2026-01-28T14:58:34+00:00,1000.396951,277.12286,0.0144568713,50029.78
2026-01-28T14:58:34+00:00,999.774871,288.278677,0.0142336958,49986.75
2026-01-28T14:58:40+00:00,999.536599,277.129011,0.014456823,49970.01
2026-01-28T14:58:47+00:00,999.453617,265.980487,0.0146799529,49964.27
2026-01-28T14:58:47+00:00,999.503382,277.129767,0.014456823,49967.66
2026-01-28T14:58:57+00:00,999.480974,265.984751,0.0146798745,49966.11
2026-01-28T14:58:57+00:00,1000.50974,277.145399,0.014456823,50036.19
2026-01-28T14:58:57+00:00,1000.142681,265.990813,0.0146798665,50010.8
2026-01-28T14:58:57+00:00,1000.411176,254.832884,0.0149028953,50029.09
2026-01-28T14:58:57+00:00,999.971838,265.984974,0.0146798518,49999.61
2026-01-28T14:58:58+00:00,1000.314173,254.82851,0.0149028788,50022.93
2026-01-28T14:58:58+00:00,1000.557239,265.988702,0.01467985,50039.24
2026-01-28T14:58:58+00:00,999.571193,277.133823,0.014456823,49972.07
2026-01-28T14:58:59+00:00,1000.340874,265.977273,0.0146798411,50025.31
2026-01-28T14:58:59+00:00,999.631104,277.12304,0.014456823,49976.96
2026-01-28T14:58:59+00:00,999.531641,265.97914,0.0146798344,49970.08
2026-01-28T14:58:59+00:00,1000.68254,277.140525,0.014456823,50048.48
2026-01-28T14:59:03+00:00,999.415978,265.996851,0.014679871,49960.87
2026-01-28T14:59:03+00:00,999.939756,277.148483,0.014456823,49996.55
2026-01-28T14:59:14+00:00,1000.332258,265.991003,0.0146798668,50023.7
2026-01-28T14:59:14+00:00,1000.060828,277.144359,0.014456823,50005.21
2026-01-28T14:59:35+00:00,999.555562,265.993596,0.014679971,49970.26
2026-01-28T14:59:35+00:00,999.897752,277.14956,0.014456823,49993.57
2026-01-28T14:59:50+00:00,999.57681,265.997307,0.0146799958,49971.37
2026-01-28T14:59:50+00:00,1000.636559,277.165671,0.014456823,50043.56
2026-01-28T15:00:01+00:00,999.30523,266.017623,0.0146800005,49951.47
2026-01-28T15:00:01+00:00,999.655642,277.170998,0.014456823,49975.34
2026-01-28T15:00:03+00:00,999.536373,266.022207,0.0146799457,49967.09
2026-01-28T15:00:03+00:00,999.305164,277.167484,0.014456823,49951.34
2026-01-28T15:00:15+00:00,1000.081785,266.009557,0.0146799589,50005.06
2026-01-28T15:00:15+00:00,1000.428672,277.172757,0.014456823,50028.69
2026-01-28T15:00:19+00:00,999.721589,266.019511,0.0146799781,49979.78
2026-01-28T15:00:19+00:00,999.327578,277.166768,0.014456823,49952.94
2026-01-28T15:00:25+00:00,1000.027433,266.008357,0.0146799852,50001.35
2026-01-28T15:00:25+00:00,1000.196253,277.169334,0.014456823,50012.85
2026-01-28T15:00:25+00:00,1000.252345,266.009105,0.0146799529,50016.73
2026-01-28T15:00:26+00:00,999.348647,277.155598,0.014456823,49955.17
2026-01-28T15:00:28+00:00,999.331588,266.011973,0.0146799008,49953.99
2026-01-28T15:00:28+00:00,999.503343,277.158208,0.014456823,49965.69
2026-01-28T15:00:29+00:00,999.93618,266.007059,0.0146798654,49995.63
2026-01-28T15:00:29+00:00,1000.34017,277.164346,0.014456823,50023.15
2026-01-28T15:00:36+00:00,999.406404,266.023709,0.0146798205,49958.56
2026-01-28T15:00:36+00:00,1000.325361,277.178306,0.014456823,50021.16
2026-01-28T15:00:55+00:00,1000.291243,266.019515,0.0146799149,50018.8
2026-01-28T15:00:55+00:00,999.81121,277.171011,0.014456823,49986.1
2026-01-28T15:00:59+00:00,1000.699437,266.007086,0.0146798894,50047.54
2026-01-28T15:00:59+00:00,999.671404,254.859377,0.0149029439,49977.51
2026-01-28T15:00:59+00:00,1000.606117,266.021671,0.0146798775,50040.23
2026-01-28T15:00:59+00:00,1000.169831,277.176741,0.014456823,50010.51
2026-01-28T15:01:00+00:00,1000.387984,266.019575,0.0146798521,50025.6
2026-01-28T15:01:00+00:00,999.939221,277.169923,0.014456823,49995.03
2026-01-28T15:01:08+00:00,1000.253946,266.017076,0.014679805,50016.8
2026-01-28T15:01:08+00:00,999.823975,277.163392,0.014456823,49987.51
2026-01-28T15:01:11+00:00,1000.214887,266.010887,0.0146798082,50014.55
2026-01-28T15:01:12+00:00,999.858462,277.157978,0.014456823,49990.27
2026-01-28T15:01:23+00:00,999.33498,266.017998,0.0146798275,49954.06
2026-01-28T15:01:23+00:00,999.317951,277.157719,0.014456823,49952.9
2026-01-28T15:01:25+00:00,1000.388624,266.002195,0.0146798132,50026.96
2026-01-28T15:01:25+00:00,999.288959,277.141015,0.014456823,49952.05
2026-01-28T15:01:30+00:00,1000.333464,265.987175,0.0146797914,50024.3
2026-01-28T15:01:30+00:00,1000.000673,277.13596,0.014456823,50001.63
2026-01-28T15:01:39+00:00,1000.166638,265.985155,0.0146797806,50013.11
2026-01-28T15:01:39+00:00,1000.512934,277.14122,0.014456823,50036.7
2026-01-28T15:01:42+00:00,1000.51409,265.986221,0.014679759,50036.78
2026-01-28T15:01:42+00:00,999.952736,277.132695,0.014456823,49998.54
2026-01-28T15:01:49+00:00,1000.423595,265.977359,0.014679791,50031.11
2026-01-28T15:01:49+00:00,999.941511,277.125372,0.014456823,49998.27
2026-01-28T15:01:50+00:00,1000.513712,265.969992,0.0146797618,50037.85
2026-01-28T15:01:50+00:00,999.904208,277.116116,0.014456823,49996.33
2026-01-28T15:01:58+00:00,1000.220379,265.96414,0.0146797813,50018.2
2026-01-28T15:01:58+00:00,999.646987,277.107407,0.014456823,49979.14
2026-01-28T15:02:13+00:00,999.937569,265.957551,0.0146798235,49999.24
2026-01-28T15:02:13+00:00,999.563086,277.101718,0.014456823,49973.73
2026-01-28T15:02:15+00:00,1000.627109,265.942174,0.0146798028,50047.33
2026-01-28T15:02:15+00:00,999.799902,277.089153,0.014456823,49990.98
2026-01-28T15:02:17+00:00,999.880715,265.941395,0.0146797934,49996.57
2026-01-28T15:02:17+00:00,999.447515,277.082574,0.014456823,49967.06
2026-01-28T15:02:20+00:00,1000.31955,265.928197,0.0146797884,50027.38
2026-01-28T15:02:20+00:00,1000.202699,277.080799,0.014456823,50019.42
2026-01-28T15:02:28+00:00,1000.153546,265.934923,0.0146796691,50016.02
2026-01-28T15:02:29+00:00,999.960655,277.077871,0.014456823,50002.88
2026-01-28T15:02:30+00:00,1000.563938,265.927444,0.0146796327,50044.61
2026-01-28T15:02:30+00:00,999.634717,277.063767,0.014456823,49981.31
2026-01-28T15:02:33+00:00,999.606671,265.92805,0.0146796292,49979.37
2026-01-28T15:02:35+00:00,999.306913,254.79601,0.014902453,49958.95
2026-01-28T15:02:35+00:00,999.767548,265.934937,0.0146796292,49989.86
2026-01-28T15:02:37+00:00,999.982605,254.793738,0.0149024331,50004.51
2026-01-28T15:02:37+00:00,1000.54696,265.943375,0.0146796292,50042.38
2026-01-28T15:02:44+00:00,1000.204484,254.801322,0.0149023854,50019.05
2026-01-28T15:02:44+00:00,999.894514,265.938741,0.0146796292,49998.25
2026-01-28T15:02:44+00:00,999.721735,254.80453,0.0149023737,49986.48
2026-01-28T15:02:44+00:00,999.669577,243.67221,0.0151250959,49982.98
2026-01-28T15:02:45+00:00,1000.649986,254.82008,0.0149023515,50047.8
2026-01-28T15:02:45+00:00,1000.565787,265.965579,0.0146796292,50042.15
2026-01-28T15:02:46+00:00,1000.370842,254.82248,0.0149023626,50028.87
2026-01-28T15:02:46+00:00,999.892923,265.958435,0.0146796292,49996.8
2026-01-28T15:02:48+00:00,999.504794,254.829178,0.0149023464,49970.36
2026-01-28T15:02:48+00:00,999.377528,265.956533,0.0146796292,49961.82
2026-01-28T15:02:59+00:00,1000.386165,254.812329,0.0149023773,50030.53
2026-01-28T15:02:59+00:00,1000.009582,265.950905,0.0146796292,50005.26
2026-01-28T15:02:59+00:00,999.690447,254.818137,0.014902358,49983.52
2026-01-28T15:02:59+00:00,1000.322605,265.960353,0.0146796292,50025.94
2026-01-28T15:02:59+00:00,999.853591,254.827304,0.014902317,49993.99
2026-01-28T15:03:00+00:00,999.306974,265.952185,0.0146796292,49957.31
2026-01-28T15:03:09+00:00,1000.63137,254.808617,0.0149022889,50047.53
2026-01-28T15:03:10+00:00,1000.027082,265.943156,0.0146796292,50006.98
2026-01-28T15:03:13+00:00,1000.590633,254.801195,0.0149022664,50045.37
2026-01-28T15:03:13+00:00,999.298159,265.923846,0.0146796292,49958.64
2026-01-28T15:03:13+00:00,999.6537,254.796914,0.0149022442,49982.86
2026-01-28T15:03:13+00:00,999.686187,265.924332,0.0146796292,49985.04
2026-01-28T15:03:14+00:00,1000.282033,254.787376,0.0149022542,50025.63
2026-01-28T15:03:25+00:00,999.569854,243.6575,0.0151249505,49977.84
2026-01-28T15:03:25+00:00,999.725036,254.789661,0.0149022542,49988.1
2026-01-28T15:03:30+00:00,1000.080902,243.652504,0.015124944,50011.98
2026-01-28T15:03:30+00:00,1000.022217,254.788797,0.0149022542,50008.1
2026-01-28T15:03:33+00:00,999.560545,243.659749,0.0151249371,49977.12
2026-01-28T15:03:34+00:00,999.674134,254.790469,0.0149022542,49984.63
2026-01-28T15:03:34+00:00,1000.002281,243.657062,0.0151248928,50006.65
2026-01-28T15:03:34+00:00,1000.650383,254.800009,0.0149022542,50049.5
2026-01-28T15:03:34+00:00,1000.051461,243.666815,0.0151248767,50009.31
2026-01-28T15:03:35+00:00,1000.093811,254.800632,0.0149022542,50012.11
2026-01-28T15:03:37+00:00,999.932718,243.670241,0.0151248563,50001.3
2026-01-28T15:03:37+00:00,1000.469045,254.808526,0.0149022542,50036.76
2026-01-28T15:03:39+00:00,999.244378,243.688721,0.0151248526,49954.58
2026-01-28T15:03:39+00:00,1000.194067,254.822503,0.0149022542,50017.37
2026-01-28T15:03:57+00:00,1000.314776,243.679094,0.015125009,50025.47
2026-01-28T15:03:57+00:00,999.710985,254.81361,0.0149022542,49985.55
2026-01-28T15:04:06+00:00,1000.246721,243.671648,0.0151249977,50021.5
2026-01-28T15:04:06+00:00,1000.136763,232.53247,0.0153477179,50014.23
2026-01-28T15:04:06+00:00,1000.320628,243.675482,0.0151249744,50026.21
2026-01-28T15:04:07+00:00,1000.068192,254.813611,0.0149022542,50009.52
2026-01-28T15:04:07+00:00,999.209375,243.6896,0.0151249487,49951.89
2026-01-28T15:04:07+00:00,999.998444,254.825229,0.0149022542,50004.06
2026-01-28T15:04:08+00:00,999.684305,243.69499,0.0151249348,49982.98
2026-01-28T15:04:08+00:00,1000.691323,254.840055,0.0149022542,50049.56
2026-01-28T15:04:18+00:00,999.660087,243.710065,0.0151249415,49980.36
2026-01-28T15:04:18+00:00,999.21012,254.83343,0.0149022542,49950.61
2026-01-28T15:04:24+00:00,999.714412,243.702051,0.0151249511,49984.45
2026-01-28T15:04:24+00:00,999.243875,254.826502,0.0149022542,49953.34
2026-01-28T15:04:24+00:00,999.615686,243.697178,0.0151249374,49978.29
2026-01-28T15:04:24+00:00,999.346008,254.822531,0.0149022542,49960.46
2026-01-28T15:04:28+00:00,999.410982,243.696183,0.0151249379,49964.82
2026-01-28T15:04:28+00:00,1000.124879,254.833042,0.0149022542,50012.02
2026-01-28T15:04:31+00:00,1000.602497,243.68565,0.0151250058,50044.07
2026-01-28T15:04:31+00:00,1000.162661,254.826564,0.0149022542,50014.99
2026-01-28T15:04:39+00:00,1000.367269,243.683118,0.0151249952,50028.72
2026-01-28T15:04:39+00:00,999.564737,254.814746,0.0149022542,49975.66
2026-01-28T15:04:41+00:00,1000.621158,243.665807,0.0151250256,50046.55
2026-01-28T15:04:41+00:00,1000.187372,254.808356,0.0149022542,50017.87
2026-01-28T15:04:57+00:00,1000.421337,243.659777,0.0151250762,50033.57
2026-01-28T15:04:58+00:00,1000.438278,254.808606,0.0149022542,50034.69
2026-01-28T15:04:59+00:00,999.355629,243.676381,0.0151250679,49962.04
2026-01-28T15:04:59+00:00,1000.164669,254.820524,0.0149022542,50015.53
2026-01-28T15:04:59+00:00,999.901942,243.680901,0.0151250561,49997.9
2026-01-28T15:04:59+00:00,999.578871,254.815765,0.0149022542,49976.54
2026-01-28T15:05:04+00:00,1000.621731,243.66431,0.015125076,50046.52
2026-01-28T15:05:05+00:00,999.577042,254.800375,0.0149022542,49977.45
2026-01-28T15:05:12+00:00,999.302095,243.665274,0.015125139,49959.0
2026-01-28T15:05:12+00:00,999.750555,254.806984,0.0149022542,49988.65
2026-01-28T15:05:14+00:00,999.244475,243.671764,0.0151251606,49954.69
2026-01-28T15:05:15+00:00,999.867178,254.816161,0.0149022542,49995.86
2026-01-28T15:05:15+00:00,999.923657,243.67072,0.0151251646,49999.65
2026-01-28T15:05:15+00:00,1000.631212,254.826588,0.0149022542,50046.43
2026-01-28T15:05:24+00:00,1000.333167,243.675944,0.0151251493,50026.43
2026-01-28T15:05:24+00:00,999.841146,254.819338,0.0149022542,49993.9
2026-01-28T15:05:26+00:00,1000.329791,243.669614,0.0151251297,50026.69
2026-01-28T15:05:26+00:00,999.912489,254.813188,0.0149022542,49999.1
2026-01-28T15:05:26+00:00,999.994898,243.671031,0.0151250768,50004.63
2026-01-28T15:05:26+00:00,999.641879,254.807988,0.0149022542,49981.29
2026-01-28T15:05:33+00:00,999.334594,243.678637,0.0151250165,49960.67
2026-01-28T15:05:34+00:00,1000.642757,254.827254,0.0149022542,50047.16
2026-01-28T15:05:41+00:00,1000.359614,243.684151,0.0151249909,50028.16
2026-01-28T15:05:41+00:00,999.654941,254.816877,0.0149022542,49981.57
2026-01-28T15:05:42+00:00,999.921095,243.682656,0.0151249412,49999.43
2026-01-28T15:05:43+00:00,999.985981,254.817832,0.0149022542,50003.72
2026-01-28T15:05:43+00:00,1000.450932,243.676144,0.0151249325,50034.92
2026-01-28T15:05:43+00:00,999.747773,232.545863,0.0153475896,49988.43
2026-01-28T15:05:43+00:00,999.524619,243.673961,0.0151249114,49973.89
2026-01-28T15:05:43+00:00,999.340549,254.798295,0.0149022542,49961.72
2026-01-28T15:05:51+00:00,999.940961,243.665665,0.0151248979,50002.01
2026-01-28T15:05:51+00:00,1000.015527,254.799393,0.0149022542,50006.94
2026-01-28T15:05:53+00:00,999.466826,243.674671,0.0151248817,49970.12
2026-01-28T15:05:53+00:00,1000.300358,254.811662,0.0149022542,50025.23
2026-01-28T15:06:02+00:00,1000.121829,243.675088,0.0151249267,50013.25
2026-01-28T15:06:02+00:00,1000.279582,254.813984,0.0149022542,50023.68
2026-01-28T15:06:04+00:00,1000.48881,243.671652,0.0151249329,50037.72
2026-01-28T15:06:04+00:00,1000.043078,254.807422,0.0149022542,50008.25
2026-01-28T15:06:09+00:00,1000.62054,243.663641,0.0151249206,50047.0
2026-01-28T15:06:09+00:00,999.797291,254.795302,0.0149022542,49992.57
2026-01-28T15:06:10+00:00,999.175569,243.673281,0.0151249135,49950.85
2026-01-28T15:06:10+00:00,999.359639,254.798012,0.0149022542,49963.02
2026-01-28T15:06:17+00:00,999.729364,243.668946,0.0151248898,49987.83
2026-01-28T15:06:17+00:00,1000.180237,254.804649,0.0149022542,50017.64
2026-01-28T15:06:21+00:00,999.881298,243.672515,0.0151249077,49997.58
2026-01-28T15:06:21+00:00,999.409098,254.797698,0.0149022542,49966.36
2026-01-28T15:06:24+00:00,1000.174031,243.661309,0.0151249032,50017.69
2026-01-28T15:06:24+00:00,1000.538843,254.803068,0.0149022542,50041.81
2026-01-28T15:06:28+00:00,999.510886,243.676906,0.0151248985,49972.83
2026-01-28T15:06:28+00:00,1000.228411,254.81363,0.0149022542,50020.27
2026-01-28T15:06:31+00:00,1000.41618,243.673943,0.0151249016,50032.87
2026-01-28T15:06:31+00:00,1000.631104,254.816794,0.0149022542,50047.08
2026-01-28T15:06:35+00:00,1000.667466,243.675039,0.0151248689,50049.52
2026-01-28T15:06:35+00:00,999.346611,232.553108,0.0153474758,49962.19
2026-01-28T15:06:35+00:00,1000.529901,243.692585,0.0151248612,50039.29
2026-01-28T15:06:36+00:00,999.188024,254.81193,0.0149022542,49950.57
2026-01-28T15:06:38+00:00,999.191451,243.693045,0.015124851,49950.8
2026-01-28T15:06:38+00:00,1000.571896,254.832246,0.0149022542,50042.07
2026-01-28T15:06:40+00:00,1000.498279,243.693603,0.0151248618,50037.13
2026-01-28T15:06:40+00:00,1000.556359,254.833101,0.0149022542,50040.97
2026-01-28T15:07:03+00:00,999.377889,243.697422,0.0151251377,49961.89
2026-01-28T15:07:03+00:00,999.920427,254.841096,0.0149022542,49997.76
2026-01-28T15:07:05+00:00,1000.69445,243.685782,0.015125139,50049.7
2026-01-28T15:07:05+00:00,1000.316473,254.835526,0.0149022542,50024.71
2026-01-28T15:07:12+00:00,999.300586,243.703948,0.0151250795,49956.54
2026-01-28T15:07:12+00:00,1000.010709,254.845988,0.0149022542,50003.49
2026-01-28T15:07:15+00:00,1000.23916,243.694653,0.015125197,50018.82
2026-01-28T15:07:15+00:00,1000.274553,254.846509,0.0149022542,50021.16
2026-01-28T15:07:30+00:00,999.744927,243.69,0.0151254486,49985.62
2026-01-28T15:07:41+00:00,1000.257983,232.516424,0.0153488328,50019.54
2026-01-28T15:07:41+00:00,1000.640782,243.695571,0.0151254486,50044.48
2026-01-28T15:07:45+00:00,999.489282,232.535892,0.0153487836,49968.35
2026-01-28T15:07:45+00:00,1000.057954,221.369598,0.0155720853,50005.4
2026-01-28T15:07:46+00:00,999.625829,232.531354,0.0153487504,49977.65
2026-01-28T15:07:46+00:00,1000.364564,243.702199,0.0151254486,50025.78
2026-01-28T15:07:48+00:00,1000.226015,232.530299,0.0153488124,50016.62
2026-01-28T15:07:49+00:00,1000.496154,243.70613,0.0151254486,50034.22
2026-01-28T15:07:53+00:00,1000.480575,232.530173,0.0153488195,50033.19
2026-01-28T15:07:53+00:00,1000.335222,243.704015,0.0151254486,50023.72
2026-01-28T15:07:55+00:00,999.832906,232.540218,0.0153487669,49990.51
2026-01-28T15:07:55+00:00,999.733599,243.70257,0.0151254486,49984.04
2026-01-28T15:07:58+00:00,999.407041,232.543766,0.0153487924,49962.45
2026-01-28T15:07:59+00:00,999.995974,243.71114,0.0151254486,50000.82
2026-01-28T15:07:59+00:00,999.928514,232.545552,0.0153487766,49996.36
2026-01-28T15:07:59+00:00,999.685083,243.707598,0.0151254486,49980.5
2026-01-28T15:07:59+00:00,1000.117671,232.540252,0.0153487549,50009.1
2026-01-28T15:08:01+00:00,1000.481897,221.365831,0.0155720967,50032.83
2026-01-28T15:08:01+00:00,1000.547299,232.54119,0.0153487549,50037.03
2026-01-28T15:08:04+00:00,1000.509848,221.367023,0.0155720837,50034.59
2026-01-28T15:08:04+00:00,999.359539,232.524693,0.0153487549,49960.72
2026-01-28T15:08:07+00:00,1000.681527,221.346413,0.0155721112,50046.85
2026-01-28T15:08:07+00:00,1000.062691,232.515816,0.0153487549,50007.11
2026-01-28T15:08:08+00:00,1000.340811,221.345296,0.0155720526,50025.23
2026-01-28T15:08:09+00:00,1000.069078,232.51192,0.0153487549,50007.78
2026-01-28T15:08:14+00:00,999.576844,221.346181,0.0155721782,49975.71
2026-01-28T15:08:14+00:00,1000.56957,232.526163,0.0153487549,50039.46
2026-01-28T15:08:33+00:00,1000.230209,221.349881,0.015572203,50017.35
2026-01-28T15:08:33+00:00,999.321883,232.513129,0.0153487549,49959.02
2026-01-28T15:08:36+00:00,999.191418,221.351229,0.015572214,49950.52
2026-01-28T15:08:37+00:00,1000.488116,232.531737,0.0153487549,50033.79
2026-01-28T15:08:38+00:00,999.401118,221.368662,0.0155721819,49962.97
2026-01-28T15:08:38+00:00,1000.258833,232.544043,0.0153487549,50018.05
2026-01-28T15:08:57+00:00,1000.230592,221.365741,0.0155722485,50016.21
2026-01-28T15:08:57+00:00,1000.444087,232.547107,0.0153487549,50029.92
2026-01-28T15:09:00+00:00,999.528687,221.376317,0.0155723036,49970.28
2026-01-28T15:09:00+00:00,1000.219475,232.557024,0.0153487549,50014.64
2026-01-28T15:09:01+00:00,1000.179875,221.37708,0.0155722999,50012.06
2026-01-28T15:09:01+00:00,1000.636143,232.563574,0.0153487549,50041.36
2026-01-28T15:09:02+00:00,999.378313,221.396058,0.0155722867,49959.41
2026-01-28T15:09:02+00:00,1000.25986,232.576228,0.0153487549,50016.02
2026-01-28T15:09:02+00:00,1000.679802,221.391119,0.0155722632,50043.38
2026-01-28T15:09:03+00:00,1000.586836,232.574893,0.0153487549,50037.41
2026-01-28T15:09:05+00:00,1000.646849,221.390242,0.0155722632,50041.32
2026-01-28T15:09:06+00:00,1000.578176,232.573908,0.0153487549,50036.91
2026-01-28T15:09:10+00:00,999.586032,221.405178,0.0155722535,49972.27
2026-01-28T15:09:11+00:00,999.913517,232.578608,0.0153487549,49993.3
2026-01-28T15:09:14+00:00,1000.245357,221.398307,0.0155722942,50014.92
2026-01-28T15:09:14+00:00,1000.373361,232.580445,0.0153487549,50023.14
2026-01-28T15:09:19+00:00,999.505542,221.413646,0.0155722402,49966.6
2026-01-28T15:09:20+00:00,999.485766,232.580162,0.0153487549,49965.33
2026-01-28T15:09:22+00:00,1000.616815,221.396043,0.0155722628,50039.02
2026-01-28T15:09:22+00:00,999.968542,232.570857,0.0153487549,49997.39
2026-01-28T15:09:42+00:00,999.501786,221.398939,0.0155723409,49966.98
2026-01-28T15:09:43+00:00,999.272094,232.567559,0.0153487549,49952.23
2026-01-28T15:09:46+00:00,1000.17061,221.386055,0.0155723368,50010.77
2026-01-28T15:09:46+00:00,1000.726076,232.575534,0.0153487549,50046.44
2026-01-28T15:10:00+00:00,999.696788,221.398482,0.0155723882,49979.38
2026-01-28T15:10:00+00:00,999.493413,232.572614,0.0153487549,49966.32
2026-01-28T15:10:17+00:00,1000.166916,221.382702,0.0155725075,50010.2
2026-01-28T15:10:17+00:00,999.354498,210.205424,0.0157962409,49958.03
2026-01-28T15:10:17+00:00,999.816854,221.390211,0.0155724883,49987.3
2026-01-28T15:10:17+00:00,999.848311,232.57449,0.0153487549,49989.32
2026-01-28T15:10:19+00:00,1000.503089,221.380971,0.0155724822,50031.98
2026-01-28T15:10:19+00:00,999.417687,232.558897,0.0153487549,49962.28
2026-01-28T15:10:21+00:00,1000.334775,221.371801,0.0155723983,50022.03
2026-01-28T15:10:21+00:00,999.683849,232.549548,0.0153487549,49980.23
2026-01-28T15:10:22+00:00,1000.640997,221.356695,0.0155724214,50042.59
2026-01-28T15:10:24+00:00,1000.468766,210.167823,0.0157960579,50031.53
2026-01-28T15:10:24+00:00,1000.137049,221.351999,0.0155724214,50010.53
2026-01-28T15:10:26+00:00,1000.358021,210.164058,0.0157960697,50024.72
2026-01-28T15:10:26+00:00,999.460963,221.339298,0.0155724214,49967.93
2026-01-28T15:10:36+00:00,1000.106907,210.155225,0.0157960608,50009.41
2026-01-28T15:10:36+00:00,999.778507,221.334649,0.0155724214,49988.62
2026-01-28T15:10:48+00:00,1000.653521,210.133219,0.0157962494,50044.81
2026-01-28T15:11:00+00:00,999.834011,198.931864,0.0160203082,49992.93
2026-01-28T15:11:00+00:00,1000.462809,210.142014,0.0157962494,50032.18
2026-01-28T15:11:01+00:00,999.367023,198.946069,0.016020335,49962.81
2026-01-28T15:11:01+00:00,999.192241,210.139569,0.0157962494,49951.9
2026-01-28T15:11:03+00:00,1000.291818,198.932412,0.0160202962,50021.51
2026-01-28T15:11:03+00:00,1000.320014,187.725802,0.0162443241,50023.27
2026-01-28T15:11:03+00:00,999.245451,198.918533,0.0160202774,49957.12
2026-01-28T15:11:03+00:00,999.567139,210.114822,0.0157962494,49977.2
2026-01-28T15:11:05+00:00,999.635063,198.917754,0.0160202737,49981.5
2026-01-28T15:11:06+00:00,999.41158,210.111697,0.0157962494,49967.55
2026-01-28T15:11:06+00:00,999.309694,198.920575,0.0160202461,49961.1
2026-01-28T15:11:06+00:00,999.288707,210.111403,0.0157962494,49959.79
2026-01-28T15:11:07+00:00,1000.051508,198.909431,0.0160202527,50008.08
2026-01-28T15:11:07+00:00,1000.1715,210.113081,0.0157962494,50015.57
2026-01-28T15:11:20+00:00,999.667442,198.914423,0.0160202958,49983.66
2026-01-28T15:11:21+00:00,999.68202,210.113285,0.0157962494,49984.57
2026-01-28T15:11:21+00:00,1000.018796,198.914867,0.0160201914,50005.89
2026-01-28T15:11:22+00:00,1000.596805,210.121365,0.0157962494,50041.97
2026-01-28T15:11:40+00:00,999.248911,198.933184,0.0160202073,49956.64
2026-01-28T15:11:40+00:00,1000.518993,210.13912,0.0157962494,50035.92
2026-01-28T15:11:48+00:00,1000.414106,198.93251,0.0160202504,50029.28
2026-01-28T15:11:48+00:00,999.568236,210.127293,0.0157962494,49976.48
2026-01-28T15:12:00+00:00,999.347879,198.931756,0.0160203281,49962.53
2026-01-28T15:12:00+00:00,1000.156264,210.1386,0.0157962494,50012.99
2026-01-28T15:12:21+00:00,1000.587976,198.926183,0.0160203171,50040.32
2026-01-28T15:12:21+00:00,1000.196279,210.133121,0.0157962494,50015.87
2026-01-28T15:12:24+00:00,999.497137,198.937543,0.0160202882,49971.61
2026-01-28T15:12:24+00:00,999.865604,210.138274,0.0157962494,49994.61
2026-01-28T15:12:26+00:00,1000.331751,198.933055,0.0160202458,50024.12
2026-01-28T15:12:26+00:00,1000.498202,210.140601,0.0157962494,50034.51
2026-01-28T15:12:28+00:00,999.597815,198.947064,0.0160202209,49977.51
2026-01-28T15:12:28+00:00,999.409898,210.137974,0.0157962494,49965.78
2026-01-28T15:12:28+00:00,999.9664,198.939827,0.0160202079,50001.01
2026-01-28T15:12:30+00:00,999.524883,187.746442,0.0162441945,49973.45
2026-01-28T15:12:30+00:00,1000.630138,198.955067,0.0160202079,50041.49
2026-01-28T15:12:33+00:00,1000.49717,187.748905,0.0162441824,50033.19
2026-01-28T15:12:33+00:00,1000.193404,198.950879,0.0160202079,50014.49
2026-01-28T15:12:34+00:00,1000.144703,187.749733,0.0162441795,50011.45
2026-01-28T15:12:34+00:00,999.474305,198.941635,0.0160202079,49970.18
2026-01-28T15:13:05+00:00,1000.064009,187.731936,0.0162443705,50006.99
2026-01-28T15:13:05+00:00,999.946075,198.940008,0.0160202079,49999.73
2026-01-28T15:13:15+00:00,1000.239245,187.727836,0.0162443705,50018.03
2026-01-28T15:13:15+00:00,999.172802,198.925292,0.0160202079,49952.38
2026-01-28T15:13:18+00:00,1000.689435,187.70836,0.0162443356,50047.05
2026-01-28T15:13:18+00:00,1000.632742,198.924509,0.0160202079,50043.56
2026-01-28T15:13:19+00:00,999.562913,187.721126,0.0162443796,49976.78
2026-01-28T15:13:19+00:00,999.713173,198.926583,0.0160202079,49986.03
2026-01-28T15:13:21+00:00,1000.480061,187.709862,0.0162443903,50033.9
2026-01-28T15:13:21+00:00,999.269204,198.909872,0.0160202079,49959.36
2026-01-28T15:13:21+00:00,1000.377322,187.695022,0.016244377,50028.53
2026-01-28T15:13:21+00:00,1000.063968,198.905548,0.0160202079,50009.24
2026-01-28T15:13:32+00:00,1000.365468,187.691548,0.0162443621,50028.06
2026-01-28T15:13:32+00:00,999.256628,198.890248,0.0160202079,49959.8
2026-01-28T15:13:33+00:00,999.494368,187.688989,0.0162443467,49974.64
2026-01-28T15:13:33+00:00,1000.631959,198.905944,0.0160202079,50044.67
2026-01-28T15:13:34+00:00,999.480907,187.707125,0.0162443061,49972.82
2026-01-28T15:13:34+00:00,999.497964,198.906179,0.0160202079,49973.87
2026-01-28T15:13:34+00:00,999.732019,187.705505,0.016244273,49988.48
2026-01-28T15:13:35+00:00,999.307881,198.900329,0.0160202079,49962.37
2026-01-28T15:13:36+00:00,999.183244,187.70765,0.0162442649,49954.59
2026-01-28T15:13:36+00:00,1000.202734,198.914391,0.0160202079,50017.35
2026-01-28T15:13:38+00:00,999.474936,187.718943,0.0162442426,49971.92
2026-01-28T15:13:38+00:00,999.877956,198.919949,0.0160202079,49996.73
2026-01-28T15:13:50+00:00,1000.640517,187.702517,0.0162443578,50044.33
2026-01-28T15:13:50+00:00,999.800684,198.90836,0.0160202079,49992.63
2026-01-28T15:13:51+00:00,1000.023205,187.700074,0.0162443444,50006.52
2026-01-28T15:13:51+00:00,1000.174602,198.910449,0.0160202079,50015.84
2026-01-28T15:13:55+00:00,1000.181331,187.699779,0.0162443484,50016.26
2026-01-28T15:13:55+00:00,999.941564,198.907141,0.0160202079,50001.5
2026-01-28T15:13:59+00:00,999.146161,187.711701,0.0162443325,49951.85
2026-01-28T15:13:59+00:00,1000.240379,198.922238,0.0160202079,50019.21
2026-01-28T15:14:18+00:00,1000.55037,187.696902,0.0162445416,50038.56
2026-01-28T15:14:18+00:00,999.712314,198.910665,0.0160202079,49986.97
2026-01-28T15:14:19+00:00,999.424591,187.701432,0.0162445315,49969.01
2026-01-28T15:14:19+00:00,999.37472,198.909976,0.0160202079,49965.94
2026-01-28T15:14:20+00:00,1000.082333,187.693956,0.0162444829,50010.11
2026-01-28T15:14:20+00:00,999.514751,198.90214,0.0160202079,49975.17
2026-01-28T15:14:26+00:00,1000.281798,187.679993,0.0162445474,50023.05
2026-01-28T15:14:26+00:00,999.633803,198.893191,0.0160202079,49983.16
2026-01-28T15:14:27+00:00,1000.056897,187.675646,0.0162445158,50009.57
2026-01-28T15:14:27+00:00,1000.521815,198.899611,0.0160202079,50038.19
2026-01-28T15:14:30+00:00,999.521834,187.691635,0.016244476,49975.77
2026-01-28T15:14:30+00:00,999.64318,198.901286,0.0160202079,49983.24
2026-01-28T15:14:35+00:00,999.15168,187.697793,0.0162444905,49952.56
2026-01-28T15:14:35+00:00,1000.000455,198.913005,0.0160202079,50004.81
2026-01-28T15:14:58+00:00,1000.065817,187.688452,0.016244659,50008.89
2026-01-28T15:14:58+00:00,999.458592,198.904615,0.0160202079,49971.51
2026-01-28T15:15:01+00:00,1000.423489,187.67377,0.0162446823,50031.74
2026-01-28T15:15:01+00:00,1000.453704,198.905032,0.0160202079,50033.6
2026-01-28T15:15:02+00:00,999.148538,187.693799,0.0162446474,49952.13
2026-01-28T15:15:02+00:00,1000.426179,198.922684,0.0160202079,50030.78
2026-01-28T15:15:04+00:00,999.558364,187.707218,0.0162446222,49976.61
2026-01-28T15:15:04+00:00,1000.258995,198.932363,0.0160202079,50019.74
2026-01-28T15:15:05+00:00,999.536484,187.718405,0.0162446008,49974.64
2026-01-28T15:15:05+00:00,999.183326,198.927485,0.0160202079,49952.9
2026-01-28T15:15:06+00:00,999.975525,187.712227,0.0162445025,50002.35
2026-01-28T15:15:06+00:00,1000.260454,198.931419,0.0160202079,50019.89
2026-01-28T15:15:09+00:00,999.942933,187.718014,0.0162444756,50000.07
2026-01-28T15:15:09+00:00,999.677661,198.927757,0.0160202079,49983.74
2026-01-28T15:15:11+00:00,999.731489,187.716556,0.0162444897,49987.1
2026-01-28T15:15:11+00:00,999.644581,198.926557,0.0160202079,49981.75
2026-01-28T15:15:13+00:00,1000.475709,187.70813,0.0162444256,50033.63
2026-01-28T15:15:13+00:00,999.206045,198.909032,0.0160202079,49955.47
2026-01-28T15:15:15+00:00,999.376981,187.705822,0.0162444239,49966.14
2026-01-28T15:15:15+00:00,999.789102,198.914721,0.0160202079,49991.51
2026-01-28T15:15:18+00:00,999.528132,187.710088,0.0162444116,49975.22
2026-01-28T15:15:18+00:00,999.553474,176.50741,0.0164685693,49976.78
2026-01-28T15:15:19+00:00,1000.62953,165.290792,0.0166927128,50042.12
2026-01-28T15:15:19+00:00,999.368896,176.493492,0.0164685091,49966.6
2026-01-28T15:15:19+00:00,999.975432,187.702144,0.0162443514,50003.43
2026-01-28T15:15:19+00:00,1000.598565,198.918688,0.0160202079,50041.79
2026-01-28T15:15:21+00:00,999.176451,187.721578,0.0162443607,49953.02
2026-01-28T15:15:21+00:00,999.256861,198.919797,0.0160202079,49957.97
2026-01-28T15:15:36+00:00,1000.574202,187.689172,0.0162446399,50040.2
2026-01-28T15:15:36+00:00,1000.324035,198.916341,0.0160202079,50024.8
2026-01-28T15:15:37+00:00,999.578775,187.700868,0.0162446148,49978.28
2026-01-28T15:15:37+00:00,1000.125731,198.923897,0.0160202079,50011.95
2026-01-28T15:15:40+00:00,1000.057004,187.701847,0.0162446145,50007.66
2026-01-28T15:15:41+00:00,999.877989,198.921424,0.0160202079,49996.64
2026-01-28T15:15:41+00:00,999.428622,187.708125,0.0162446148,49968.59
2026-01-28T15:15:41+00:00,999.436744,198.921536,0.0160202079,49969.09
2026-01-28T15:15:46+00:00,999.160396,187.712082,0.0162446131,49951.84
2026-01-28T15:15:46+00:00,999.687533,198.928818,0.0160202079,49984.29
2026-01-28T15:15:51+00:00,1000.202743,187.702506,0.0162446603,50016.45
2026-01-28T15:15:51+00:00,1000.714287,198.935886,0.0160202079,50047.94
2026-01-28T15:16:01+00:00,999.397106,187.6982,0.0162451158,49965.72
2026-01-28T15:16:01+00:00,1000.044636,176.452152,0.0164700116,50005.58
2026-01-28T15:16:01+00:00,1000.486197,187.704833,0.0162451037,50032.39
2026-01-28T15:16:01+00:00,1000.519337,198.957369,0.0160202079,50034.43
2026-01-28T15:16:02+00:00,999.490359,187.723767,0.0162450139,49970.2
2026-01-28T15:16:02+00:00,999.367547,198.955669,0.0160202079,49962.64
2026-01-28T15:16:05+00:00,999.934022,187.717017,0.0162449899,49998.0
2026-01-28T15:16:05+00:00,1000.108005,198.958077,0.0160202079,50008.71
2026-01-28T15:16:07+00:00,999.385013,187.726908,0.016244995,49963.58
2026-01-28T15:16:07+00:00,999.671575,198.962042,0.0160202079,49981.22
2026-01-28T15:16:08+00:00,1000.03187,187.722577,0.0162449805,50003.71
2026-01-28T15:16:08+00:00,999.524864,198.955027,0.0160202079,49972.5
2026-01-28T15:16:08+00:00,999.908868,187.717849,0.0162449673,49996.47
2026-01-28T15:16:09+00:00,1000.088213,198.957508,0.0160202079,50007.51
2026-01-28T15:16:09+00:00,999.309631,187.729021,0.0162449623,49958.91
2026-01-28T15:16:09+00:00,999.372661,198.95838,0.0160202079,49962.79
2026-01-28T15:16:11+00:00,1000.374405,187.717215,0.0162449174,50025.32
2026-01-28T15:16:11+00:00,999.450069,198.945594,0.0160202079,49968.42
2026-01-28T15:16:14+00:00,999.762623,187.718881,0.0162447963,49987.93
2026-01-28T15:16:14+00:00,999.579219,198.943059,0.0160202079,49976.64
2026-01-28T15:16:15+00:00,999.843553,187.714523,0.0162448094,49993.14
2026-01-28T15:16:15+00:00,999.343213,198.936141,0.0160202079,49962.34
2026-01-28T15:16:22+00:00,999.751087,187.711604,0.0162447534,49987.8
2026-01-28T15:16:22+00:00,999.761971,198.936291,0.0160202079,49988.47
2026-01-28T15:16:22+00:00,1000.470064,187.703115,0.0162447247,50032.67
2026-01-28T15:16:23+00:00,999.89955,198.928406,0.0160202079,49997.55
2026-01-28T15:16:23+00:00,1000.70088,187.695838,0.0162446457,50047.57
2026-01-28T15:16:23+00:00,1000.552079,198.926351,0.0160202079,50038.41
2026-01-28T15:16:24+00:00,999.663438,187.709484,0.0162446218,49982.94
2026-01-28T15:16:25+00:00,999.395565,198.92265,0.0160202079,49966.45
2026-01-28T15:16:31+00:00,999.845092,187.702822,0.0162446291,49994.51
2026-01-28T15:16:31+00:00,1000.488054,198.931533,0.0160202079,50034.09
2026-01-28T15:16:35+00:00,999.443216,187.720659,0.016244565,49968.87
2026-01-28T15:16:35+00:00,1000.307102,198.943464,0.0160202079,50022.05
2026-01-28T15:16:35+00:00,999.336278,187.734432,0.0162445615,49961.45
2026-01-28T15:16:35+00:00,999.59814,198.94708,0.0160202079,49977.57
2026-01-28T15:16:36+00:00,1000.471401,187.723695,0.0162445316,50032.08
2026-01-28T15:16:36+00:00,999.266057,198.930436,0.0160202079,49957.88
2026-01-28T15:16:42+00:00,999.612094,187.714654,0.0162446156,49979.48
2026-01-28T15:16:42+00:00,1000.48378,198.942477,0.0160202079,50033.14
2026-01-28T15:16:48+00:00,1000.623796,187.712145,0.0162446265,50041.88
2026-01-28T15:16:48+00:00,1000.345526,198.938633,0.0160202079,50024.75
2026-01-28T15:16:48+00:00,999.293158,187.726919,0.0162446259,49959.06
2026-01-28T15:16:48+00:00,1000.159322,198.950599,0.0160202079,50012.38
2026-01-28T15:16:49+00:00,999.238801,187.740648,0.0162446092,49954.92
2026-01-28T15:16:49+00:00,999.304754,198.95151,0.0160202079,49958.98
2026-01-28T15:16:50+00:00,999.474087,187.738607,0.0162446026,49969.55
2026-01-28T15:16:50+00:00,1000.11315,176.518109,0.0164689726,50008.89
2026-01-28T15:16:50+00:00,999.891478,187.736819,0.0162445779,49995.43
2026-01-28T15:16:50+00:00,1000.530702,198.963126,0.0160202079,50034.78
2026-01-28T15:16:50+00:00,1000.32292,187.740446,0.0162445636,50021.81
2026-01-28T15:16:51+00:00,1000.257292,198.96222,0.0160202079,50017.77
2026-01-28T15:16:51+00:00,999.602866,187.750348,0.0162445489,49976.92
2026-01-28T15:16:51+00:00,1000.123342,198.969408,0.0160202079,50008.96
2026-01-28T15:16:58+00:00,1000.060382,187.747611,0.0162446212,50005.03
2026-01-28T15:16:58+00:00,999.636235,176.532757,0.0164690129,49978.92
2026-01-28T15:16:58+00:00,1000.354284,187.75848,0.0162445995,50022.52
2026-01-28T15:16:58+00:00,1000.601202,198.986527,0.0160202079,50037.72
2026-01-28T15:16:59+00:00,999.715765,187.773229,0.0162445526,49982.45
2026-01-28T15:16:59+00:00,1000.207975,198.993325,0.0160202079,50012.75
2026-01-28T15:17:00+00:00,1000.270294,187.767303,0.0162446536,50016.64
2026-01-28T15:17:00+00:00,1000.575206,198.997538,0.0160202079,50035.41
2026-01-28T15:17:05+00:00,999.475899,187.777452,0.0162447587,49966.79
2026-01-28T15:17:05+00:00,999.562971,176.557178,0.0164692893,49972.15
2026-01-28T15:17:05+00:00,999.803917,165.334526,0.0166938017,49986.78
2026-01-28T15:17:06+00:00,999.437488,176.553156,0.0164692711,49964.83
2026-01-28T15:17:06+00:00,999.839667,187.776363,0.0162447587,49989.25
2026-01-28T15:17:09+00:00,1000.700964,176.537806,0.01646934,50042.27
2026-01-28T15:17:09+00:00,1000.822344,187.778018,0.0162447587,50049.64
2026-01-28T15:17:10+00:00,999.717213,176.554179,0.0164693181,49981.61
2026-01-28T15:17:10+00:00,1000.14805,187.783892,0.0162447587,50007.77
2026-01-28T15:17:15+00:00,999.33435,176.566266,0.0164693013,49957.68
2026-01-28T15:17:15+00:00,999.501513,187.786171,0.0162447587,49967.83
2026-01-28T15:17:16+00:00,999.757531,176.563616,0.0164692835,49983.59
2026-01-28T15:17:16+00:00,1000.15477,187.791587,0.0162447587,50007.71
2026-01-28T15:17:19+00:00,999.81428,176.569533,0.0164692593,49986.75
2026-01-28T15:17:20+00:00,1000.521799,187.801231,0.0162447587,50029.71
2026-01-28T15:17:21+00:00,1000.501331,176.57077,0.0164692402,50028.45
2026-01-28T15:17:21+00:00,999.380928,187.78596,0.0162447587,49960.42
2026-01-28T15:17:25+00:00,1000.037704,176.561185,0.0164692504,50000.85
2026-01-28T15:17:25+00:00,999.465068,187.778154,0.0162447587,49966.08
2026-01-28T15:17:27+00:00,1000.346996,176.552377,0.0164691828,50020.37
2026-01-28T15:17:27+00:00,1000.819826,165.322533,0.0166935595,50049.08
2026-01-28T15:17:27+00:00,999.592015,176.538247,0.0164691354,49975.53
2026-01-28T15:17:28+00:00,999.355518,187.748366,0.0162447587,49961.17
2026-01-28T15:17:28+00:00,1000.154435,176.529193,0.0164690957,50010.35
2026-01-28T15:17:28+00:00,1000.534377,165.307283,0.016693384,50033.42
2026-01-28T15:17:28+00:00,999.191061,176.513579,0.016469047,49952.95
2026-01-28T15:17:29+00:00,1000.041028,187.729016,0.0162447587,50004.56
2026-01-28T15:17:36+00:00,999.850802,176.516998,0.0164690312,49992.85
2026-01-28T15:17:37+00:00,999.624847,165.308923,0.0166932863,49979.13
2026-01-28T15:17:37+00:00,999.219868,176.511557,0.0164690312,49954.87
2026-01-28T15:17:37+00:00,1000.569176,165.292419,0.0166932489,50036.8
2026-01-28T15:17:37+00:00,1000.44431,176.50988,0.0164690312,50029.32
2026-01-28T15:17:45+00:00,999.908243,165.291452,0.0166934142,49996.77
2026-01-28T15:17:45+00:00,999.233495,154.082095,0.0169177973,49956.35
2026-01-28T15:17:45+00:00,1000.132169,165.303373,0.0166934142,50009.47
2026-01-28T15:17:45+00:00,999.460092,176.515615,0.0164690312,49969.21
2026-01-28T15:17:45+00:00,999.978702,165.297905,0.0166933822,50000.7
2026-01-28T15:17:45+00:00,1000.270502,154.077408,0.0169177106,50018.18
2026-01-28T15:17:46+00:00,1000.740307,165.305271,0.0166933595,50045.95
2026-01-28T15:17:46+00:00,999.750391,176.518694,0.0164690312,49986.65
2026-01-28T15:17:48+00:00,1000.54321,165.296669,0.0166933156,50034.79
2026-01-28T15:17:48+00:00,999.403557,176.503382,0.0164690312,49966.52
2026-01-28T15:17:51+00:00,999.528557,165.29378,0.0166933394,49974.11
2026-01-28T15:17:51+00:00,1000.161902,176.511892,0.0164690312,50012.05
2026-01-28T15:17:51+00:00,1000.441711,165.290903,0.0166933207,50029.04
2026-01-28T15:17:51+00:00,999.93123,176.505034,0.0164690312,49998.46
2026-01-28T15:17:53+00:00,1000.48393,165.281707,0.016693354,50032.02
2026-01-28T15:17:53+00:00,1000.659544,176.507394,0.0164690312,50042.54
2026-01-28T15:17:54+00:00,999.163003,165.303276,0.0166933303,49951.67
2026-01-28T15:17:54+00:00,999.536266,176.512409,0.0164690312,49974.03
2026-01-28T15:18:02+00:00,999.864494,165.296484,0.0166933768,49993.96
2026-01-28T15:18:02+00:00,1000.129919,176.515976,0.0164690312,50009.86
2026-01-28T15:18:13+00:00,999.452712,165.30371,0.0166934168,49968.74
2026-01-28T15:18:13+00:00,1000.407576,176.528811,0.0164690312,50025.94
2026-01-28T15:18:14+00:00,1000.688702,165.301753,0.0166933793,50043.01
2026-01-28T15:18:14+00:00,1000.621094,176.527902,0.0164690312,50038.96
2026-01-28T15:18:15+00:00,999.331733,165.319989,0.0166933659,49960.67
2026-01-28T15:18:15+00:00,1000.148874,176.538883,0.0164690312,50009.62
2026-01-28T15:18:17+00:00,1000.615112,165.31159,0.0166934068,50037.93
2026-01-28T15:18:17+00:00,1000.136512,176.532451,0.0164690312,50009.26
2026-01-28T15:18:19+00:00,999.908087,165.315666,0.0166933875,49995.39
2026-01-28T15:18:19+00:00,1000.438269,176.539576,0.0164690312,50027.15
2026-01-28T15:18:21+00:00,1000.75398,165.313058,0.0166933537,50046.32
2026-01-28T15:18:21+00:00,999.84102,176.527308,0.0164690312,49991.63
2026-01-28T15:18:22+00:00,1000.386639,165.307301,0.0166933202,50024.76
2026-01-28T15:18:22+00:00,999.318267,176.512953,0.0164690312,49960.76
2026-01-28T15:18:23+00:00,999.709406,165.303315,0.0166932934,49984.51
2026-01-28T15:18:23+00:00,999.754979,176.513566,0.0164690312,49987.24
2026-01-28T15:18:23+00:00,1000.729946,165.29086,0.016693277,50046.44
2026-01-28T15:18:23+00:00,999.885767,176.502226,0.0164690312,49995.87
2026-01-28T15:18:24+00:00,1000.470747,165.282874,0.0166932774,50031.39
2026-01-28T15:18:24+00:00,999.666131,176.491417,0.0164690312,49983.19
2026-01-28T15:18:36+00:00,999.944951,165.276257,0.0166933338,50000.12
2026-01-28T15:18:36+00:00,1000.3718,176.497152,0.0164690312,50025.69
2026-01-28T15:18:39+00:00,1000.038631,165.282489,0.0166932999,50005.46
2026-01-28T15:18:39+00:00,1000.235946,176.499803,0.0164690312,50017.28
2026-01-28T15:18:43+00:00,1000.173199,165.284034,0.0166932861,50013.47
2026-01-28T15:18:43+00:00,999.265752,176.487613,0.0164690312,49959.11
2026-01-28T15:18:51+00:00,999.85699,165.276599,0.0166932738,49995.01
2026-01-28T15:18:51+00:00,999.204784,176.478852,0.0164690312,49955.94
2026-01-28T15:18:54+00:00,999.252215,165.277194,0.016693249,49958.82
2026-01-28T15:18:54+00:00,999.223169,176.478461,0.0164690312,49957.08
2026-01-28T15:18:59+00:00,999.613649,165.271859,0.0166932494,49980.79
2026-01-28T15:18:59+00:00,999.598959,176.478264,0.0164690312,49979.91
2026-01-28T15:19:02+00:00,999.19975,165.278059,0.016693234,49955.67
2026-01-28T15:19:02+00:00,999.219615,154.078319,0.0169174223,49956.86
2026-01-28T15:19:02+00:00,1000.433609,165.29488,0.0166932194,50028.62
2026-01-28T15:19:02+00:00,1000.527592,176.51197,0.0164690312,50034.25
2026-01-28T15:19:02+00:00,999.473903,165.309913,0.0166932056,49970.27
2026-01-28T15:19:03+00:00,1000.796339,176.529729,0.0164690312,50049.49
2026-01-28T15:19:05+00:00,1000.203948,165.318978,0.0166931856,50013.52
2026-01-28T15:19:05+00:00,999.613176,176.521796,0.0164690312,49978.13
2026-01-28T15:19:05+00:00,999.636398,165.323233,0.0166930941,49979.54
2026-01-28T15:19:05+00:00,1000.476895,176.533077,0.0164690312,50029.89
2026-01-28T15:19:13+00:00,999.991553,165.330083,0.0166930892,50000.42
2026-01-28T15:19:13+00:00,1000.767447,176.543492,0.0164690312,50046.9
2026-01-28T15:19:20+00:00,999.595676,165.346568,0.0166930783,49975.75
2026-01-28T15:19:20+00:00,999.384341,176.540655,0.0164690312,49963.09
2026-01-28T15:19:31+00:00,1000.210099,165.334486,0.0166930953,50013.23
2026-01-28T15:19:31+00:00,999.956864,176.537256,0.0164690312,49998.06
2026-01-28T15:19:41+00:00,1000.18282,165.328974,0.016693144,50011.78
2026-01-28T15:19:41+00:00,1000.66425,154.115743,0.0169172266,50040.62
2026-01-28T15:19:41+00:00,999.87117,165.319982,0.0166931137,49993.74
2026-01-28T15:19:41+00:00,1000.804148,176.535232,0.0164690312,50049.63
2026-01-28T15:19:48+00:00,999.374801,165.334798,0.0166932065,49962.84
2026-01-28T15:19:48+00:00,1000.398595,176.548981,0.0164690312,50024.17
2026-01-28T15:19:48+00:00,999.959366,165.341926,0.0166931835,49997.5
2026-01-28T15:19:48+00:00,999.868055,176.547755,0.0164690312,49992.03
2026-01-28T15:19:48+00:00,1000.23235,165.337613,0.0166931706,50014.15
2026-01-28T15:19:49+00:00,1000.168582,176.546898,0.0164690312,50010.33
2026-01-28T15:19:50+00:00,1000.508008,165.33368,0.0166931568,50030.94
2026-01-28T15:19:50+00:00,1000.764749,176.550346,0.0164690312,50046.32
2026-01-28T15:19:56+00:00,1000.366363,165.338782,0.0166931632,50022.13
2026-01-28T15:19:56+00:00,1000.536467,154.125704,0.0169172799,50032.32
2026-01-28T15:19:56+00:00,1000.096956,165.333729,0.0166931478,50006.34
2026-01-28T15:19:56+00:00,1000.165064,176.541898,0.0164690312,50010.42
2026-01-28T15:20:02+00:00,999.79237,165.334019,0.0166932435,49987.79
2026-01-28T15:20:02+00:00,1000.084001,176.545815,0.0164690312,50005.26
2026-01-28T15:20:03+00:00,999.514337,165.342363,0.0166932317,49970.67
2026-01-28T15:20:03+00:00,999.536873,154.139551,0.0169174134,49972.02
2026-01-28T15:20:03+00:00,999.471402,165.342438,0.0166932129,49968.15
2026-01-28T15:20:04+00:00,1000.222096,176.554464,0.0164690312,50013.12
2026-01-28T15:20:05+00:00,999.676148,165.353446,0.0166931413,49979.97
2026-01-28T15:20:09+00:00,999.661124,154.15498,0.0169172044,49979.07
2026-01-28T15:20:09+00:00,1000.334767,165.362368,0.0166931413,50018.89
2026-01-28T15:20:14+00:00,1000.670967,154.152522,0.0169171634,50039.03
2026-01-28T15:20:14+00:00,1000.6417,165.36198,0.0166931413,50037.3
2026-01-28T15:20:36+00:00,1000.338052,154.148707,0.0169173211,50019.11
2026-01-28T15:20:37+00:00,999.6551,142.945338,0.0171414838,49978.74
2026-01-28T15:20:37+00:00,1000.666104,154.162783,0.016917304,50037.72
2026-01-28T15:20:37+00:00,1000.571537,165.37812,0.0166931413,50032.13
2026-01-28T15:20:39+00:00,999.947881,154.173547,0.0169172562,49994.77
2026-01-28T15:20:39+00:00,1000.798311,142.959015,0.017141345,50045.04
2026-01-28T15:20:39+00:00,999.219422,154.154211,0.0169172301,49952.93
2026-01-28T15:20:39+00:00,1000.643514,165.366966,0.0166931413,50037.11
2026-01-28T15:20:40+00:00,999.964271,154.164441,0.0169172079,49996.42
2026-01-28T15:20:40+00:00,1000.613215,165.375561,0.0166931413,50034.78
2026-01-28T15:20:41+00:00,999.817453,154.176456,0.0169171812,49987.11
2026-01-28T15:20:41+00:00,1000.637936,165.386427,0.0166931413,50035.61
2026-01-28T15:20:54+00:00,999.55572,154.193262,0.0169171355,49970.78
2026-01-28T15:21:01+00:00,1000.617777,142.98727,0.017141105,50033.56
2026-01-28T15:21:01+00:00,1000.655316,154.193752,0.0169171355,50035.75
2026-01-28T15:21:02+00:00,999.900981,142.99751,0.0171411,49991.16
2026-01-28T15:21:02+00:00,999.56553,154.189369,0.0169171355,49971.59
2026-01-28T15:21:13+00:00,1000.359789,142.98481,0.0171411436,50018.54
2026-01-28T15:21:13+00:00,1000.504632,154.191262,0.0169171355,50026.99
2026-01-28T15:21:21+00:00,999.922006,142.992435,0.0171411455,49992.55
2026-01-28T15:21:48+00:00,1000.174838,131.788129,0.0173651989,50007.3
2026-01-28T15:21:48+00:00,999.953432,142.989578,0.0171411455,49994.55
2026-01-28T15:22:00+00:00,999.241903,131.793739,0.0173652727,49953.04
2026-01-28T15:22:13+00:00,999.709202,120.585493,0.0175895276,49979.95
2026-01-28T15:22:13+00:00,999.777977,131.794616,0.0173652727,49983.86
2026-01-28T15:22:17+00:00,999.609013,120.589228,0.0175894965,49974.13
2026-01-28T15:22:17+00:00,999.763449,131.796585,0.0173652727,49982.91
2026-01-28T15:22:18+00:00,999.250305,120.597736,0.0175894588,49953.36
2026-01-28T15:22:18+00:00,999.597521,131.80101,0.0173652727,49973.1
2026-01-28T15:22:20+00:00,999.518509,120.597004,0.0175894939,49968.55
2026-01-28T15:22:20+00:00,999.876279,131.805571,0.0173652727,49988.89
2026-01-28T15:22:25+00:00,1000.881729,120.584087,0.0175894926,50046.79
2026-01-28T15:22:25+00:00,1000.836875,131.804999,0.0173652727,50044.24
2026-01-28T15:22:27+00:00,999.503049,120.602127,0.0175894762,49967.43
2026-01-28T15:22:27+00:00,1000.103378,131.812651,0.0173652727,50001.56
2026-01-28T15:22:28+00:00,1000.837234,120.59566,0.0175894161,50043.82
2026-01-28T15:22:29+00:00,999.693394,131.798075,0.0173652727,49978.79
2026-01-28T15:22:33+00:00,999.751394,120.596074,0.0175893929,49982.13
2026-01-28T15:22:33+00:00,999.733277,131.797844,0.0173652727,49981.1
2026-01-28T15:22:47+00:00,999.874631,120.595808,0.0175893617,49989.24
2026-01-28T15:22:47+00:00,999.288377,131.790375,0.0173652727,49955.91
2026-01-28T15:22:47+00:00,999.693509,120.591281,0.0175893477,49979.24
2026-01-28T15:22:47+00:00,1000.404646,131.799435,0.0173652727,50019.67
2026-01-28T15:22:56+00:00,1000.084083,120.594339,0.0175893692,50001.21
2026-01-28T15:22:56+00:00,1000.764088,131.808098,0.0173652727,50039.87
2026-01-28T15:23:08+00:00,1000.682472,120.594293,0.0175893912,50035.17
2026-01-28T15:23:14+00:00,1000.26103,109.386711,0.0178134926,50011.21
2026-01-28T15:23:14+00:00,999.692245,120.587137,0.0175893912,49979.28
2026-01-28T15:23:32+00:00,999.670962,109.385768,0.0178135169,49978.07
2026-01-28T15:23:32+00:00,1000.42198,120.596587,0.0175893912,50020.23
2026-01-28T15:23:33+00:00,1000.594883,109.384382,0.0178135005,50030.06
2026-01-28T15:23:33+00:00,1000.905016,120.600488,0.0175893912,50047.47
2026-01-28T15:23:43+00:00,1000.580844,109.388872,0.0178134934,50029.04
2026-01-28T15:23:43+00:00,1000.536132,120.599926,0.0175893912,50026.53
2026-01-28T15:23:45+00:00,1000.394537,109.391938,0.0178134681,50018.48
2026-01-28T15:23:45+00:00,1000.34555,120.59931,0.0175893912,50015.73
2026-01-28T15:23:53+00:00,999.75314,109.394883,0.0178135602,49982.05
2026-01-28T15:23:53+00:00,1000.49454,120.608639,0.0175893912,50023.67
2026-01-28T15:23:54+00:00,999.585344,109.408288,0.0178135238,49971.98
2026-01-28T15:23:54+00:00,1000.678739,120.622397,0.0175893912,50033.36
2026-01-28T15:23:56+00:00,999.775699,109.418866,0.0178135424,49982.02
2026-01-28T15:23:59+00:00,999.96096,98.210003,0.0180377537,49992.42
2026-01-28T15:23:59+00:00,1000.501551,109.425586,0.0178135424,50022.39
2026-01-28T15:24:06+00:00,999.264223,98.231146,0.0180376422,49952.93
2026-01-28T15:24:06+00:00,1000.852437,87.0194,0.0182616935,50040.98
2026-01-28T15:24:06+00:00,1000.280846,98.226557,0.0180375937,50009.68
2026-01-28T15:24:06+00:00,1000.31133,109.431669,0.0178135424,50011.37
2026-01-28T15:24:10+00:00,1000.944957,98.218244,0.0180376006,50046.94
2026-01-28T15:24:10+00:00,999.446033,109.41305,0.0178135424,49963.84
2026-01-28T15:24:17+00:00,1000.737515,98.201726,0.018037606,50036.34
2026-01-28T15:24:18+00:00,999.707387,109.400254,0.0178135424,49979.23
2026-01-28T15:24:27+00:00,999.884988,98.197844,0.018037639,49989.2
2026-01-28T15:24:27+00:00,999.732029,109.398353,0.0178135424,49980.72
2026-01-28T15:24:52+00:00,1000.463275,98.184695,0.018037718,50021.77
2026-01-28T15:24:52+00:00,999.986538,109.392428,0.0178135424,49995.34
2026-01-28T15:24:59+00:00,1000.045323,98.182214,0.0180377528,49998.64
2026-01-28T15:24:59+00:00,1000.064082,109.392662,0.0178135424,49999.68
2026-01-28T15:25:08+00:00,999.645642,98.184241,0.0180378176,49976.19
2026-01-28T15:25:08+00:00,999.683341,109.39313,0.0178135424,49978.28
2026-01-28T15:25:19+00:00,999.238002,98.187705,0.0180378605,49953.28
2026-01-28T15:25:19+00:00,999.434434,109.395573,0.0178135424,49964.17
2026-01-28T15:25:20+00:00,999.819741,98.185236,0.0180378128,49985.8
2026-01-28T15:25:20+00:00,1000.432486,109.403192,0.0178135424,50019.77
2026-01-28T15:25:20+00:00,1000.113267,98.189298,0.018037812,50001.85
2026-01-28T15:25:20+00:00,1000.469153,109.407616,0.0178135424,50021.58
2026-01-28T15:25:24+00:00,1000.38543,98.189783,0.0180378234,50016.88
2026-01-28T15:25:24+00:00,1000.025575,109.403142,0.0178135424,49996.93
2026-01-28T15:25:26+00:00,999.795424,98.195982,0.0180377573,49984.01
2026-01-28T15:25:26+00:00,1000.009713,109.405806,0.0178135424,49995.89
2026-01-28T15:25:50+00:00,1000.322875,98.18728,0.0180378525,50013.47
2026-01-28T15:25:50+00:00,1000.594164,109.409179,0.0178135424,50028.51
2026-01-28T15:25:53+00:00,1000.762858,98.187953,0.0180377966,50037.98
2026-01-28T15:25:53+00:00,1000.028359,109.400048,0.0178135424,49997.26
2026-01-28T15:26:03+00:00,1000.003776,98.190853,0.0180377448,49995.88
2026-01-28T15:26:03+00:00,1000.137977,109.401716,0.0178135424,50003.32
2026-01-28T15:26:07+00:00,999.478876,98.194078,0.0180378462,49966.32
2026-01-28T15:26:07+00:00,999.46174,109.401503,0.0178135424,49965.37
2026-01-28T15:26:09+00:00,999.782384,98.191976,0.0180378075,49983.37
2026-01-28T15:26:09+00:00,1000.128349,109.405804,0.0178135424,50002.55
2026-01-28T15:26:14+00:00,1000.088091,98.190969,0.0180378378,50000.29
2026-01-28T15:26:15+00:00,1000.094404,109.405883,0.0178135424,50000.64
2026-01-28T15:26:28+00:00,1000.766509,98.183068,0.0180378266,50038.37
2026-01-28T15:26:28+00:00,1000.717987,109.405279,0.0178135424,50035.68
2026-01-28T15:26:30+00:00,1000.017559,98.193854,0.0180377872,49996.36
2026-01-28T15:26:31+00:00,1000.522617,109.411558,0.0178135424,50024.36
2026-01-28T15:26:34+00:00,999.663648,98.204946,0.0180377817,49976.14
2026-01-28T15:26:34+00:00,1000.418348,109.42094,0.0178135424,50017.98
2026-01-28T15:26:35+00:00,1000.466267,98.20436,0.0180377813,50020.67
2026-01-28T15:26:35+00:00,1000.488994,109.421223,0.0178135424,50021.93
2026-01-28T15:26:35+00:00,999.883156,98.213027,0.0180377605,49987.92
2026-01-28T15:26:35+00:00,1000.504557,109.428947,0.0178135424,50022.37
2026-01-28T15:26:37+00:00,999.714704,98.226297,0.0180376939,49978.03
2026-01-28T15:26:37+00:00,1000.833943,109.442856,0.0178135424,50040.08
2026-01-28T15:26:40+00:00,1000.375957,98.233006,0.018037675,50014.37
2026-01-28T15:26:40+00:00,999.732914,109.434865,0.0178135424,49978.72
2026-01-28T15:27:00+00:00,1000.707493,98.219086,0.0180377081,50033.43
2026-01-28T15:27:00+00:00,999.70171,109.422366,0.0178135424,49977.67
2026-01-28T15:27:01+00:00,999.610861,98.218004,0.0180377527,49972.57
2026-01-28T15:27:01+00:00,999.83002,109.42509,0.0178135424,49984.72
2026-01-28T15:27:03+00:00,999.753243,98.221287,0.0180377063,49980.41
2026-01-28T15:27:03+00:00,1000.467176,109.433962,0.0178135424,50019.99
2026-01-28T15:27:06+00:00,1000.882766,98.215048,0.0180377265,50043.32
2026-01-28T15:27:06+00:00,1000.268581,109.426329,0.0178135424,50009.27
2026-01-28T15:27:08+00:00,1000.421421,98.213713,0.0180377147,50017.85
2026-01-28T15:27:09+00:00,1000.870921,109.431915,0.0178135424,50042.77
2026-01-28T15:27:11+00:00,1000.541193,98.217804,0.0180377159,50024.26
2026-01-28T15:27:11+00:00,1000.442165,109.430685,0.0178135424,50018.77
2026-01-28T15:27:16+00:00,1000.821238,98.215371,0.0180376692,50040.05
2026-01-28T15:27:16+00:00,999.925307,109.419552,0.0178135424,49990.38
2026-01-28T15:27:26+00:00,999.241267,98.2271,0.0180376066,49951.98
2026-01-28T15:27:26+00:00,999.91461,109.427917,0.0178135424,49989.31
2026-01-28T15:27:33+00:00,1000.895246,98.216412,0.0180375737,50044.36
2026-01-28T15:27:40+00:00,1000.737056,87.009999,0.0182615426,50035.59
2026-01-28T15:27:40+00:00,1000.034352,98.207794,0.0180375737,49997.11
2026-01-28T15:27:47+00:00,1000.493048,87.006514,0.0182614984,50022.54
2026-01-28T15:27:47+00:00,1000.895531,98.212729,0.0180375737,50044.58
2026-01-28T15:27:50+00:00,999.212806,87.028183,0.0182614828,49951.29
2026-01-28T15:27:50+00:00,999.466093,98.215835,0.0180375737,49965.16
2026-01-28T15:28:00+00:00,1000.647013,87.012054,0.0182615122,50030.63
2026-01-28T15:28:00+00:00,1000.168196,98.209963,0.0180375737,50004.41
2026-01-28T15:28:01+00:00,1000.719424,87.006939,0.0182614776,50034.97
2026-01-28T15:28:01+00:00,999.71486,98.197646,0.0180375737,49979.96
2026-01-28T15:28:38+00:00,1000.858082,86.989985,0.0182615328,50043.34
2026-01-28T15:28:38+00:00,1000.513852,98.193425,0.0180375737,50024.49
2026-01-28T15:28:45+00:00,1000.839791,86.987042,0.0182615108,50042.56
2026-01-28T15:28:45+00:00,1000.184933,98.185394,0.0180375737,50006.7
2026-01-28T15:28:45+00:00,999.819311,86.992732,0.0182614878,49986.43
2026-01-28T15:28:46+00:00,999.251196,98.178428,0.0180375737,49955.32
2026-01-28T15:29:01+00:00,1000.573531,86.976117,0.0182614917,50028.63
2026-01-28T15:29:01+00:00,1000.864802,98.182,0.0180375737,50044.58
2026-01-28T15:29:05+00:00,999.746472,86.993054,0.0182614306,49982.58
2026-01-28T15:29:05+00:00,1000.502861,98.191272,0.0180375737,50024.0
2026-01-28T15:29:14+00:00,999.337273,87.007615,0.0182614287,49959.38
2026-01-28T15:29:14+00:00,999.659587,98.195223,0.0180375737,49977.03
2026-01-28T15:29:20+00:00,999.850064,87.00055,0.0182615228,49987.59
2026-01-28T15:29:20+00:00,999.917083,98.196045,0.0180375737,49991.26
