{
  "meta": {
    "timestamp_utc": "2025-12-21T19:41:56.277670+00:00",
    "commit": "1baba80d2dab5563ea006e2199e0e815efc0937d",
    "python": "3.12.10",
    "platform": "Windows-11-10.0.26220-SP0",
    "cpu_count": 12
  },
  "config": {
    "iterations": 200,
    "warmup": 20,
    "seed": 42,
    "threshold_pct": 2.0,
    "min_volume": 100000.0,
    "strategy_id": "bench-strategy",
    "allocation_pct": 0.25,
    "test_balance": 10000.0,
    "max_position_pct": 0.1,
    "max_exposure_pct": 0.3
  },
  "metrics": {
    "p50_ms": 0.0006000009307172149,
    "p95_ms": 0.020799998310394585,
    "p99_ms": 0.027400001272326335,
    "throughput_eps": 186150.40903965404,
    "cpu_time_s": 0.0,
    "wall_time_s": 0.0010744000028353184,
    "memory_peak_kb": 7.111328125,
    "startup_s": 0.000690799999574665
  },
  "targets": {
    "p95_ms": 5.0,
    "p99_ms": 10.0,
    "throughput_eps": 5000.0,
    "startup_s": 1.0,
    "memory_peak_mb": 128.0
  }
}